,Flight Date,Carrier,ORIGIN,DEST,DEP_DELAY_NEW,ARR_DELAY_NEW,FLIGHTS,WEATHER_DELAY
0,2017-01-01,DL,IAH,ATL,91.0,79.0,1.0,0.0
1,2017-01-02,DL,IAH,ATL,222.0,230.0,1.0,0.0
2,2017-01-02,DL,IAH,ATL,19.0,27.0,1.0,0.0
3,2017-01-02,DL,IAH,ATL,3.0,50.0,1.0,0.0
4,2017-01-02,DL,IAH,ATL,69.0,60.0,1.0,0.0
5,2017-01-02,DL,IAH,ATL,31.0,25.0,1.0,0.0
6,2017-01-04,DL,IAH,ATL,20.0,22.0,1.0,0.0
7,2017-01-05,DL,IAH,SLC,24.0,45.0,1.0,0.0
8,2017-01-06,DL,IAH,ATL,26.0,24.0,1.0,0.0
9,2017-01-07,DL,IAH,ATL,89.0,91.0,1.0,0.0
10,2017-01-07,DL,IAH,ATL,192.0,199.0,1.0,0.0
11,2017-01-07,DL,IAH,ATL,157.0,151.0,1.0,0.0
12,2017-01-07,DL,IAH,ATL,58.0,55.0,1.0,0.0
13,2017-01-08,DL,IAH,ATL,53.0,52.0,1.0,0.0
14,2017-01-08,DL,IAH,ATL,151.0,140.0,1.0,0.0
15,2017-01-13,DL,IAH,MSP,141.0,125.0,1.0,0.0
16,2017-01-16,DL,IAH,ATL,331.0,310.0,1.0,0.0
17,2017-01-17,DL,IAH,ATL,23.0,17.0,1.0,0.0
18,2017-01-18,DL,IAH,ATL,0.0,20.0,1.0,0.0
19,2017-01-18,DL,IAH,ATL,2.0,18.0,1.0,0.0
20,2017-01-19,DL,IAH,ATL,16.0,16.0,1.0,0.0
21,2017-01-20,DL,IAH,MSP,533.0,530.0,1.0,0.0
22,2017-01-21,DL,IAH,ATL,58.0,43.0,1.0,0.0
23,2017-01-21,DL,IAH,ATL,61.0,46.0,1.0,0.0
24,2017-01-21,DL,IAH,ATL,75.0,46.0,1.0,0.0
25,2017-01-21,DL,IAH,ATL,0.0,76.0,1.0,0.0
26,2017-01-22,DL,IAH,ATL,10.0,16.0,1.0,0.0
27,2017-01-22,DL,IAH,ATL,70.0,135.0,1.0,0.0
28,2017-01-22,DL,IAH,ATL,129.0,147.0,1.0,0.0
29,2017-01-22,DL,IAH,ATL,7.0,55.0,1.0,0.0
30,2017-01-22,DL,IAH,ATL,149.0,149.0,1.0,0.0
31,2017-01-23,DL,IAH,ATL,50.0,47.0,1.0,0.0
32,2017-01-23,DL,IAH,ATL,98.0,81.0,1.0,0.0
33,2017-01-23,DL,IAH,MSP,229.0,206.0,1.0,0.0
34,2017-01-25,DL,IAH,ATL,23.0,24.0,1.0,0.0
35,2017-01-29,DL,IAH,ATL,215.0,200.0,1.0,0.0
36,2017-01-29,DL,IAH,ATL,1.0,163.0,1.0,0.0
37,2017-01-29,DL,IAH,MSP,0.0,20.0,1.0,0.0
38,2017-02-06,DL,IAH,ATL,40.0,46.0,1.0,0.0
39,2017-02-06,DL,IAH,DTW,24.0,22.0,1.0,0.0
40,2017-02-06,DL,IAH,ATL,43.0,47.0,1.0,0.0
41,2017-02-06,DL,IAH,ATL,32.0,21.0,1.0,0.0
42,2017-02-06,DL,IAH,LGA,13.0,31.0,1.0,0.0
43,2017-02-07,DL,IAH,ATL,11.0,43.0,1.0,0.0
44,2017-02-07,DL,IAH,ATL,39.0,33.0,1.0,0.0
45,2017-02-13,DL,IAH,ATL,71.0,61.0,1.0,0.0
46,2017-02-14,DL,IAH,ATL,68.0,54.0,1.0,0.0
47,2017-02-14,DL,IAH,ATL,24.0,35.0,1.0,0.0
48,2017-02-15,DL,IAH,ATL,28.0,15.0,1.0,0.0
49,2017-02-18,DL,IAH,ATL,18.0,17.0,1.0,0.0
50,2017-02-19,DL,IAH,ATL,37.0,32.0,1.0,0.0
51,2017-02-23,DL,IAH,DTW,151.0,136.0,1.0,0.0
52,2017-02-24,DL,IAH,ATL,86.0,73.0,1.0,0.0
53,2017-02-26,DL,IAH,MSP,66.0,44.0,1.0,0.0
54,2017-02-27,DL,IAH,ATL,52.0,40.0,1.0,0.0
55,2017-03-01,DL,IAH,ATL,16.0,129.0,1.0,0.0
56,2017-03-01,DL,IAH,ATL,613.0,710.0,1.0,0.0
57,2017-03-07,DL,IAH,ATL,22.0,61.0,1.0,0.0
58,2017-03-07,DL,IAH,ATL,1.0,15.0,1.0,0.0
59,2017-03-08,DL,IAH,ATL,54.0,30.0,1.0,0.0
60,2017-03-10,DL,IAH,ATL,29.0,15.0,1.0,0.0
61,2017-03-10,DL,IAH,ATL,49.0,33.0,1.0,0.0
62,2017-03-10,DL,IAH,SLC,45.0,38.0,1.0,0.0
63,2017-03-13,DL,IAH,SLC,30.0,33.0,1.0,0.0
64,2017-03-14,DL,IAH,ATL,64.0,49.0,1.0,0.0
65,2017-03-23,DL,IAH,SLC,86.0,66.0,1.0,0.0
66,2017-03-25,DL,IAH,ATL,94.0,74.0,1.0,0.0
67,2017-03-25,DL,IAH,ATL,22.0,45.0,1.0,0.0
68,2017-03-25,DL,IAH,ATL,52.0,29.0,1.0,0.0
69,2017-03-29,DL,IAH,ATL,37.0,40.0,1.0,0.0
70,2017-03-29,DL,IAH,ATL,116.0,108.0,1.0,0.0
71,2017-03-29,DL,IAH,ATL,80.0,76.0,1.0,0.0
72,2017-03-31,DL,IAH,ATL,116.0,104.0,1.0,0.0
73,2017-04-02,DL,IAH,ATL,0.0,89.0,1.0,0.0
74,2017-04-02,DL,IAH,ATL,37.0,87.0,1.0,0.0
75,2017-04-02,DL,IAH,ATL,0.0,45.0,1.0,0.0
76,2017-04-03,DL,IAH,ATL,347.0,332.0,1.0,0.0
77,2017-04-03,DL,IAH,SLC,28.0,23.0,1.0,0.0
78,2017-04-03,DL,IAH,ATL,0.0,35.0,1.0,0.0
79,2017-04-03,DL,IAH,ATL,194.0,184.0,1.0,0.0
80,2017-04-03,DL,IAH,ATL,245.0,242.0,1.0,0.0
81,2017-04-03,DL,IAH,ATL,164.0,157.0,1.0,0.0
82,2017-04-03,DL,IAH,ATL,105.0,134.0,1.0,0.0
83,2017-04-04,DL,IAH,ATL,23.0,25.0,1.0,0.0
84,2017-04-04,DL,IAH,ATL,141.0,117.0,1.0,0.0
85,2017-04-04,DL,IAH,ATL,37.0,16.0,1.0,0.0
86,2017-04-05,DL,IAH,ATL,325.0,390.0,1.0,0.0
87,2017-04-05,DL,IAH,ATL,384.0,438.0,1.0,0.0
88,2017-04-06,DL,IAH,ATL,99.0,100.0,1.0,0.0
89,2017-04-06,DL,IAH,ATL,40.0,36.0,1.0,0.0
90,2017-04-06,DL,IAH,ATL,275.0,254.0,1.0,0.0
91,2017-04-06,DL,IAH,ATL,322.0,309.0,1.0,0.0
92,2017-04-07,DL,IAH,SLC,119.0,137.0,1.0,0.0
93,2017-04-07,DL,IAH,ATL,36.0,30.0,1.0,0.0
94,2017-04-07,DL,IAH,ATL,33.0,26.0,1.0,0.0
95,2017-04-08,DL,IAH,ATL,66.0,69.0,1.0,0.0
96,2017-04-09,DL,IAH,ATL,41.0,40.0,1.0,0.0
97,2017-04-09,DL,IAH,ATL,85.0,76.0,1.0,0.0
98,2017-04-09,DL,IAH,ATL,60.0,47.0,1.0,0.0
99,2017-04-09,DL,IAH,ATL,130.0,117.0,1.0,0.0
100,2017-04-09,DL,IAH,SLC,137.0,136.0,1.0,0.0
101,2017-04-10,DL,IAH,ATL,19.0,17.0,1.0,0.0
102,2017-04-11,DL,IAH,ATL,22.0,31.0,1.0,0.0
103,2017-04-11,DL,IAH,ATL,81.0,82.0,1.0,0.0
104,2017-04-11,DL,IAH,ATL,27.0,76.0,1.0,0.0
105,2017-04-15,DL,IAH,ATL,29.0,19.0,1.0,0.0
106,2017-04-17,DL,IAH,ATL,23.0,32.0,1.0,0.0
107,2017-04-17,DL,IAH,SLC,173.0,167.0,1.0,6.0
108,2017-04-17,DL,IAH,ATL,41.0,37.0,1.0,13.0
109,2017-04-23,DL,IAH,SLC,194.0,176.0,1.0,0.0
110,2017-04-25,DL,IAH,ATL,216.0,204.0,1.0,0.0
111,2017-04-26,DL,IAH,ATL,24.0,33.0,1.0,0.0
112,2017-04-28,DL,IAH,ATL,38.0,27.0,1.0,0.0
113,2017-04-30,DL,IAH,ATL,37.0,52.0,1.0,0.0
114,2017-04-30,DL,IAH,ATL,15.0,16.0,1.0,0.0
115,2017-04-30,DL,IAH,ATL,27.0,23.0,1.0,0.0
116,2017-05-02,DL,IAH,SLC,158.0,144.0,1.0,0.0
117,2017-05-03,DL,IAH,ATL,375.0,353.0,1.0,0.0
118,2017-05-03,DL,IAH,ATL,30.0,35.0,1.0,0.0
119,2017-05-03,DL,IAH,SLC,946.0,958.0,1.0,0.0
120,2017-05-03,DL,IAH,ATL,361.0,358.0,1.0,0.0
121,2017-05-03,DL,IAH,ATL,11.0,68.0,1.0,0.0
122,2017-05-03,DL,IAH,DTW,61.0,82.0,1.0,0.0
123,2017-05-04,DL,IAH,SLC,82.0,74.0,1.0,0.0
124,2017-05-04,DL,IAH,ATL,28.0,29.0,1.0,0.0
125,2017-05-04,DL,IAH,ATL,2.0,39.0,1.0,0.0
126,2017-05-04,DL,IAH,ATL,65.0,68.0,1.0,0.0
127,2017-05-06,DL,IAH,ATL,26.0,18.0,1.0,0.0
128,2017-05-06,DL,IAH,ATL,567.0,565.0,1.0,0.0
129,2017-05-09,DL,IAH,ATL,38.0,24.0,1.0,0.0
130,2017-05-11,DL,IAH,ATL,27.0,15.0,1.0,0.0
131,2017-05-11,DL,IAH,SLC,0.0,35.0,1.0,0.0
132,2017-05-12,DL,IAH,ATL,34.0,19.0,1.0,0.0
133,2017-05-14,DL,IAH,DTW,316.0,289.0,1.0,0.0
134,2017-05-18,DL,IAH,ATL,50.0,33.0,1.0,0.0
135,2017-05-19,DL,IAH,ATL,63.0,50.0,1.0,0.0
136,2017-05-19,DL,IAH,ATL,28.0,24.0,1.0,0.0
137,2017-05-20,DL,IAH,ATL,116.0,115.0,1.0,0.0
138,2017-05-20,DL,IAH,ATL,71.0,82.0,1.0,0.0
139,2017-05-20,DL,IAH,SLC,310.0,293.0,1.0,0.0
140,2017-05-21,DL,IAH,ATL,15.0,17.0,1.0,0.0
141,2017-05-21,DL,IAH,ATL,38.0,41.0,1.0,0.0
142,2017-05-21,DL,IAH,ATL,1.0,40.0,1.0,0.0
143,2017-05-21,DL,IAH,ATL,48.0,63.0,1.0,0.0
144,2017-05-22,DL,IAH,ATL,53.0,43.0,1.0,0.0
145,2017-05-22,DL,IAH,ATL,79.0,71.0,1.0,0.0
146,2017-05-23,DL,IAH,ATL,314.0,300.0,1.0,0.0
147,2017-05-24,DL,IAH,ATL,61.0,47.0,1.0,0.0
148,2017-05-24,DL,IAH,ATL,39.0,45.0,1.0,0.0
149,2017-05-25,DL,IAH,SLC,31.0,21.0,1.0,0.0
150,2017-05-25,DL,IAH,ATL,31.0,49.0,1.0,0.0
151,2017-05-26,DL,IAH,ATL,95.0,73.0,1.0,0.0
152,2017-05-29,DL,IAH,ATL,24.0,17.0,1.0,0.0
153,2017-05-29,DL,IAH,ATL,9.0,29.0,1.0,0.0
154,2017-05-29,DL,IAH,ATL,10.0,21.0,1.0,0.0
155,2017-05-29,DL,IAH,ATL,782.0,794.0,1.0,0.0
156,2017-05-30,DL,IAH,ATL,55.0,43.0,1.0,0.0
157,2017-05-30,DL,IAH,ATL,50.0,25.0,1.0,0.0
158,2017-05-30,DL,IAH,ATL,0.0,23.0,1.0,0.0
159,2017-05-30,DL,IAH,ATL,42.0,30.0,1.0,0.0
160,2017-06-01,DL,IAH,ATL,41.0,15.0,1.0,0.0
161,2017-06-01,DL,IAH,ATL,0.0,18.0,1.0,0.0
162,2017-06-03,DL,IAH,ATL,43.0,92.0,1.0,0.0
163,2017-06-04,DL,IAH,ATL,93.0,90.0,1.0,0.0
164,2017-06-04,DL,IAH,ATL,170.0,171.0,1.0,0.0
165,2017-06-04,DL,IAH,ATL,0.0,15.0,1.0,0.0
166,2017-06-04,DL,IAH,DTW,43.0,18.0,1.0,18.0
167,2017-06-04,DL,IAH,ATL,183.0,202.0,1.0,0.0
168,2017-06-04,DL,IAH,ATL,35.0,56.0,1.0,0.0
169,2017-06-04,DL,IAH,ATL,197.0,202.0,1.0,0.0
170,2017-06-05,DL,IAH,ATL,0.0,17.0,1.0,0.0
171,2017-06-05,DL,IAH,ATL,43.0,36.0,1.0,0.0
172,2017-06-05,DL,IAH,ATL,62.0,60.0,1.0,0.0
173,2017-06-05,DL,IAH,ATL,17.0,16.0,1.0,0.0
174,2017-06-05,DL,IAH,ATL,75.0,58.0,1.0,6.0
175,2017-06-05,DL,IAH,ATL,0.0,20.0,1.0,0.0
176,2017-06-06,DL,IAH,ATL,43.0,37.0,1.0,4.0
177,2017-06-09,DL,IAH,ATL,29.0,33.0,1.0,0.0
178,2017-06-10,DL,IAH,ATL,27.0,23.0,1.0,0.0
179,2017-06-12,DL,IAH,ATL,67.0,44.0,1.0,0.0
180,2017-06-12,DL,IAH,ATL,61.0,56.0,1.0,0.0
181,2017-06-12,DL,IAH,ATL,94.0,81.0,1.0,0.0
182,2017-06-15,DL,IAH,ATL,0.0,32.0,1.0,0.0
183,2017-06-15,DL,IAH,ATL,53.0,40.0,1.0,0.0
184,2017-06-15,DL,IAH,ATL,93.0,91.0,1.0,0.0
185,2017-06-15,DL,IAH,ATL,37.0,36.0,1.0,0.0
186,2017-06-16,DL,IAH,ATL,24.0,22.0,1.0,0.0
187,2017-06-17,DL,IAH,DTW,33.0,27.0,1.0,0.0
188,2017-06-17,DL,IAH,ATL,76.0,90.0,1.0,0.0
189,2017-06-17,DL,IAH,ATL,21.0,20.0,1.0,0.0
190,2017-06-18,DL,IAH,ATL,79.0,81.0,1.0,0.0
191,2017-06-19,DL,IAH,ATL,51.0,39.0,1.0,0.0
192,2017-06-20,DL,IAH,ATL,76.0,69.0,1.0,0.0
193,2017-06-20,DL,IAH,ATL,25.0,22.0,1.0,0.0
194,2017-06-21,DL,IAH,ATL,26.0,15.0,1.0,0.0
195,2017-06-21,DL,IAH,SLC,0.0,15.0,1.0,0.0
196,2017-06-22,DL,IAH,ATL,20.0,44.0,1.0,0.0
197,2017-06-23,DL,IAH,DTW,6.0,15.0,1.0,6.0
198,2017-06-23,DL,IAH,ATL,7.0,29.0,1.0,0.0
199,2017-06-24,DL,IAH,ATL,11.0,16.0,1.0,0.0
200,2017-06-24,DL,IAH,ATL,9.0,18.0,1.0,0.0
201,2017-06-27,DL,IAH,ATL,496.0,466.0,1.0,0.0
202,2017-06-28,DL,IAH,DTW,33.0,22.0,1.0,0.0
203,2017-06-28,DL,IAH,ATL,118.0,109.0,1.0,0.0
204,2017-06-29,DL,IAH,ATL,34.0,25.0,1.0,0.0
205,2017-06-30,DL,IAH,ATL,28.0,23.0,1.0,0.0
206,2017-06-30,DL,IAH,ATL,9.0,19.0,1.0,0.0
207,2017-06-30,DL,IAH,ATL,13.0,15.0,1.0,0.0
208,2017-07-02,DL,IAH,ATL,0.0,16.0,1.0,0.0
209,2017-07-03,DL,IAH,ATL,82.0,74.0,1.0,0.0
210,2017-07-06,DL,IAH,SLC,374.0,339.0,1.0,0.0
211,2017-07-08,DL,IAH,ATL,58.0,50.0,1.0,0.0
212,2017-07-10,DL,IAH,ATL,88.0,120.0,1.0,0.0
213,2017-07-10,DL,IAH,ATL,0.0,37.0,1.0,0.0
214,2017-07-11,DL,IAH,ATL,68.0,75.0,1.0,0.0
215,2017-07-11,DL,IAH,ATL,96.0,83.0,1.0,0.0
216,2017-07-11,DL,IAH,ATL,0.0,19.0,1.0,0.0
217,2017-07-11,DL,IAH,ATL,15.0,61.0,1.0,0.0
218,2017-07-11,DL,IAH,ATL,65.0,64.0,1.0,0.0
219,2017-07-11,DL,IAH,ATL,46.0,36.0,1.0,0.0
220,2017-07-12,DL,IAH,ATL,22.0,17.0,1.0,0.0
221,2017-07-12,DL,IAH,ATL,31.0,26.0,1.0,0.0
222,2017-07-12,DL,IAH,ATL,60.0,48.0,1.0,0.0
223,2017-07-13,DL,IAH,ATL,27.0,50.0,1.0,0.0
224,2017-07-14,DL,IAH,ATL,22.0,21.0,1.0,0.0
225,2017-07-14,DL,IAH,ATL,19.0,18.0,1.0,0.0
226,2017-07-14,DL,IAH,SLC,90.0,68.0,1.0,0.0
227,2017-07-14,DL,IAH,ATL,2.0,20.0,1.0,0.0
228,2017-07-15,DL,IAH,ATL,11.0,18.0,1.0,0.0
229,2017-07-15,DL,IAH,MSP,147.0,127.0,1.0,0.0
230,2017-07-15,DL,IAH,ATL,33.0,43.0,1.0,0.0
231,2017-07-15,DL,IAH,ATL,200.0,191.0,1.0,0.0
232,2017-07-16,DL,IAH,ATL,57.0,44.0,1.0,0.0
233,2017-07-16,DL,IAH,ATL,0.0,15.0,1.0,0.0
234,2017-07-16,DL,IAH,ATL,191.0,198.0,1.0,0.0
235,2017-07-17,DL,IAH,ATL,85.0,65.0,1.0,0.0
236,2017-07-18,DL,IAH,ATL,80.0,70.0,1.0,0.0
237,2017-07-18,DL,IAH,ATL,114.0,135.0,1.0,0.0
238,2017-07-21,DL,IAH,SLC,54.0,88.0,1.0,0.0
239,2017-07-22,DL,IAH,ATL,10.0,16.0,1.0,0.0
240,2017-07-22,DL,IAH,ATL,51.0,49.0,1.0,0.0
241,2017-07-23,DL,IAH,ATL,118.0,105.0,1.0,0.0
242,2017-07-23,DL,IAH,ATL,42.0,42.0,1.0,0.0
243,2017-07-23,DL,IAH,SLC,171.0,158.0,1.0,0.0
244,2017-07-24,DL,IAH,ATL,58.0,60.0,1.0,0.0
245,2017-07-24,DL,IAH,ATL,3.0,17.0,1.0,0.0
246,2017-07-25,DL,IAH,ATL,37.0,42.0,1.0,0.0
247,2017-07-25,DL,IAH,ATL,157.0,136.0,1.0,0.0
248,2017-07-25,DL,IAH,ATL,41.0,59.0,1.0,0.0
249,2017-07-25,DL,IAH,ATL,49.0,66.0,1.0,0.0
250,2017-07-26,DL,IAH,ATL,26.0,15.0,1.0,0.0
251,2017-07-27,DL,IAH,ATL,1.0,22.0,1.0,0.0
252,2017-07-28,DL,IAH,ATL,52.0,45.0,1.0,0.0
253,2017-07-28,DL,IAH,ATL,62.0,58.0,1.0,0.0
254,2017-07-28,DL,IAH,ATL,50.0,42.0,1.0,0.0
255,2017-07-28,DL,IAH,ATL,36.0,36.0,1.0,0.0
256,2017-08-02,DL,IAH,ATL,219.0,196.0,1.0,0.0
257,2017-08-02,DL,IAH,ATL,73.0,54.0,1.0,0.0
258,2017-08-02,DL,IAH,SLC,0.0,15.0,1.0,0.0
259,2017-08-02,DL,IAH,ATL,71.0,53.0,1.0,0.0
260,2017-08-03,DL,IAH,SLC,33.0,32.0,1.0,0.0
261,2017-08-03,DL,IAH,ATL,74.0,69.0,1.0,0.0
262,2017-08-04,DL,IAH,ATL,19.0,56.0,1.0,0.0
263,2017-08-06,DL,IAH,ATL,25.0,23.0,1.0,0.0
264,2017-08-06,DL,IAH,ATL,22.0,28.0,1.0,22.0
265,2017-08-06,DL,IAH,ATL,42.0,40.0,1.0,0.0
266,2017-08-06,DL,IAH,ATL,34.0,44.0,1.0,0.0
267,2017-08-07,DL,IAH,ATL,53.0,114.0,1.0,0.0
268,2017-08-07,DL,IAH,ATL,87.0,93.0,1.0,0.0
269,2017-08-07,DL,IAH,ATL,33.0,18.0,1.0,0.0
270,2017-08-07,DL,IAH,ATL,0.0,24.0,1.0,0.0
271,2017-08-07,DL,IAH,ATL,46.0,57.0,1.0,0.0
272,2017-08-08,DL,IAH,SLC,91.0,74.0,1.0,0.0
273,2017-08-09,DL,IAH,ATL,40.0,28.0,1.0,0.0
274,2017-08-10,DL,IAH,ATL,23.0,32.0,1.0,0.0
275,2017-08-10,DL,IAH,ATL,48.0,47.0,1.0,0.0
276,2017-08-10,DL,IAH,ATL,0.0,22.0,1.0,0.0
277,2017-08-12,DL,IAH,ATL,103.0,91.0,1.0,0.0
278,2017-08-15,DL,IAH,ATL,15.0,27.0,1.0,0.0
279,2017-08-21,DL,IAH,ATL,39.0,26.0,1.0,0.0
280,2017-08-24,DL,IAH,ATL,115.0,96.0,1.0,0.0
281,2017-08-26,DL,IAH,ATL,90.0,110.0,1.0,90.0
282,2017-08-26,DL,IAH,ATL,72.0,123.0,1.0,6.0
283,2017-08-26,DL,IAH,ATL,33.0,36.0,1.0,0.0
284,2017-08-27,DL,IAH,ATL,61.0,59.0,1.0,59.0
285,2017-08-27,DL,IAH,ATL,107.0,101.0,1.0,101.0
286,2017-08-31,DL,IAH,ATL,58.0,39.0,1.0,0.0
287,2017-08-31,DL,IAH,ATL,29.0,26.0,1.0,0.0
288,2017-08-31,DL,IAH,ATL,31.0,18.0,1.0,0.0
289,2017-09-01,DL,IAH,ATL,51.0,44.0,1.0,0.0
290,2017-09-05,DL,IAH,ATL,73.0,106.0,1.0,0.0
291,2017-09-06,DL,IAH,ATL,39.0,24.0,1.0,0.0
292,2017-09-07,DL,IAH,ATL,28.0,20.0,1.0,0.0
293,2017-09-11,DL,IAH,ATL,48.0,41.0,1.0,0.0
294,2017-09-11,DL,IAH,ATL,22.0,29.0,1.0,0.0
295,2017-09-12,DL,IAH,ATL,122.0,109.0,1.0,0.0
296,2017-09-15,DL,IAH,ATL,43.0,32.0,1.0,0.0
297,2017-09-17,DL,IAH,ATL,415.0,397.0,1.0,0.0
298,2017-09-18,DL,IAH,ATL,11.0,28.0,1.0,0.0
299,2017-09-18,DL,IAH,ATL,35.0,32.0,1.0,0.0
300,2017-09-18,DL,IAH,ATL,433.0,422.0,1.0,0.0
301,2017-09-20,DL,IAH,ATL,29.0,17.0,1.0,0.0
302,2017-09-20,DL,IAH,ATL,34.0,22.0,1.0,0.0
303,2017-09-20,DL,IAH,MSP,91.0,82.0,1.0,0.0
304,2017-09-21,DL,IAH,ATL,90.0,127.0,1.0,0.0
305,2017-09-21,DL,IAH,ATL,53.0,51.0,1.0,0.0
306,2017-09-21,DL,IAH,ATL,39.0,34.0,1.0,0.0
307,2017-09-22,DL,IAH,ATL,19.0,16.0,1.0,0.0
308,2017-09-22,DL,IAH,ATL,20.0,19.0,1.0,0.0
309,2017-09-24,DL,IAH,ATL,37.0,23.0,1.0,0.0
310,2017-09-24,DL,IAH,ATL,24.0,18.0,1.0,0.0
311,2017-09-25,DL,IAH,ATL,78.0,69.0,1.0,0.0
312,2017-09-29,DL,IAH,ATL,94.0,77.0,1.0,0.0
313,2017-09-29,DL,IAH,ATL,13.0,18.0,1.0,0.0
314,2017-10-01,DL,IAH,ATL,126.0,114.0,1.0,0.0
315,2017-10-03,DL,IAH,ATL,3.0,61.0,1.0,0.0
316,2017-10-03,DL,IAH,ATL,30.0,37.0,1.0,0.0
317,2017-10-03,DL,IAH,ATL,26.0,18.0,1.0,0.0
318,2017-10-03,DL,IAH,ATL,54.0,47.0,1.0,39.0
319,2017-10-03,DL,IAH,ATL,36.0,53.0,1.0,0.0
320,2017-10-04,DL,IAH,ATL,50.0,49.0,1.0,0.0
321,2017-10-08,DL,IAH,ATL,30.0,20.0,1.0,0.0
322,2017-10-09,DL,IAH,ATL,24.0,30.0,1.0,0.0
323,2017-10-09,DL,IAH,ATL,86.0,75.0,1.0,0.0
324,2017-10-09,DL,IAH,ATL,62.0,64.0,1.0,0.0
325,2017-10-09,DL,IAH,ATL,36.0,26.0,1.0,0.0
326,2017-10-09,DL,IAH,ATL,66.0,56.0,1.0,0.0
327,2017-10-10,DL,IAH,ATL,18.0,19.0,1.0,0.0
328,2017-10-10,DL,IAH,ATL,0.0,18.0,1.0,0.0
329,2017-10-11,DL,IAH,ATL,36.0,28.0,1.0,0.0
330,2017-10-13,DL,IAH,ATL,31.0,16.0,1.0,0.0
331,2017-10-13,DL,IAH,ATL,2.0,15.0,1.0,0.0
332,2017-10-13,DL,IAH,ATL,27.0,35.0,1.0,0.0
333,2017-10-13,DL,IAH,ATL,64.0,58.0,1.0,0.0
334,2017-10-15,DL,IAH,ATL,24.0,27.0,1.0,0.0
335,2017-10-16,DL,IAH,ATL,23.0,19.0,1.0,0.0
336,2017-10-16,DL,IAH,ATL,0.0,15.0,1.0,0.0
337,2017-10-18,DL,IAH,ATL,31.0,16.0,1.0,0.0
338,2017-10-20,DL,IAH,ATL,19.0,18.0,1.0,0.0
339,2017-10-21,DL,IAH,MSP,83.0,65.0,1.0,0.0
340,2017-10-21,DL,IAH,ATL,36.0,24.0,1.0,0.0
341,2017-10-22,DL,IAH,ATL,26.0,22.0,1.0,0.0
342,2017-10-22,DL,IAH,ATL,13.0,21.0,1.0,13.0
343,2017-10-23,DL,IAH,ATL,102.0,90.0,1.0,0.0
344,2017-10-23,DL,IAH,ATL,43.0,41.0,1.0,0.0
345,2017-10-23,DL,IAH,ATL,19.0,17.0,1.0,0.0
346,2017-10-23,DL,IAH,ATL,75.0,65.0,1.0,0.0
347,2017-10-23,DL,IAH,ATL,0.0,77.0,1.0,0.0
348,2017-10-24,DL,IAH,ATL,43.0,29.0,1.0,0.0
349,2017-10-27,DL,IAH,ATL,56.0,60.0,1.0,0.0
350,2017-10-27,DL,IAH,ATL,31.0,25.0,1.0,0.0
351,2017-10-28,DL,IAH,ATL,59.0,45.0,1.0,0.0
352,2017-10-30,DL,IAH,ATL,46.0,26.0,1.0,0.0
353,2017-11-01,DL,IAH,ATL,0.0,17.0,1.0,0.0
354,2017-11-05,DL,IAH,ATL,54.0,36.0,1.0,0.0
355,2017-11-08,DL,IAH,ATL,31.0,22.0,1.0,0.0
356,2017-11-08,DL,IAH,ATL,18.0,43.0,1.0,0.0
357,2017-11-08,DL,IAH,ATL,25.0,23.0,1.0,0.0
358,2017-11-12,DL,IAH,ATL,36.0,18.0,1.0,0.0
359,2017-11-26,DL,IAH,ATL,31.0,18.0,1.0,0.0
360,2017-11-27,DL,IAH,ATL,64.0,58.0,1.0,0.0
361,2017-11-29,DL,IAH,ATL,0.0,57.0,1.0,0.0
362,2017-12-03,DL,IAH,ATL,52.0,48.0,1.0,0.0
363,2017-12-04,DL,IAH,ATL,0.0,18.0,1.0,0.0
364,2017-12-04,DL,IAH,SLC,38.0,26.0,1.0,0.0
365,2017-12-05,DL,IAH,ATL,0.0,18.0,1.0,0.0
366,2017-12-06,DL,IAH,ATL,39.0,37.0,1.0,0.0
367,2017-12-06,DL,IAH,ATL,81.0,69.0,1.0,0.0
368,2017-12-07,DL,IAH,ATL,24.0,15.0,1.0,0.0
369,2017-12-08,DL,IAH,MSP,166.0,212.0,1.0,166.0
370,2017-12-08,DL,IAH,ATL,285.0,314.0,1.0,285.0
371,2017-12-08,DL,IAH,ATL,1118.0,1138.0,1.0,0.0
372,2017-12-08,DL,IAH,ATL,155.0,213.0,1.0,155.0
373,2017-12-09,DL,IAH,ATL,27.0,57.0,1.0,27.0
374,2017-12-09,DL,IAH,MSP,7.0,23.0,1.0,0.0
375,2017-12-09,DL,IAH,ATL,22.0,16.0,1.0,0.0
376,2017-12-10,DL,IAH,ATL,25.0,34.0,1.0,25.0
377,2017-12-12,DL,IAH,ATL,35.0,44.0,1.0,0.0
378,2017-12-12,DL,IAH,ATL,111.0,105.0,1.0,0.0
379,2017-12-13,DL,IAH,ATL,0.0,16.0,1.0,0.0
380,2017-12-14,DL,IAH,SLC,43.0,20.0,1.0,0.0
381,2017-12-15,DL,IAH,SLC,44.0,19.0,1.0,0.0
382,2017-12-15,DL,IAH,ATL,64.0,42.0,1.0,0.0
383,2017-12-17,DL,IAH,ATL,0.0,249.0,1.0,0.0
384,2017-12-18,DL,IAH,MSP,89.0,66.0,1.0,0.0
385,2017-12-18,DL,IAH,ATL,47.0,21.0,1.0,0.0
386,2017-12-18,DL,IAH,ATL,28.0,23.0,1.0,0.0
387,2017-12-19,DL,IAH,ATL,44.0,34.0,1.0,0.0
388,2017-12-19,DL,IAH,ATL,46.0,34.0,1.0,0.0
389,2017-12-20,DL,IAH,ATL,10.0,32.0,1.0,0.0
390,2017-12-22,DL,IAH,ATL,39.0,19.0,1.0,0.0
391,2017-12-23,DL,IAH,ATL,41.0,34.0,1.0,0.0
392,2017-12-25,DL,IAH,ATL,50.0,40.0,1.0,0.0
393,2017-12-27,DL,IAH,ATL,58.0,73.0,1.0,0.0
394,2017-12-27,DL,IAH,ATL,44.0,25.0,1.0,0.0
395,2017-12-28,DL,IAH,ATL,48.0,25.0,1.0,0.0
396,2017-12-31,DL,IAH,ATL,1.0,19.0,1.0,0.0
397,2018-01-03,DL,IAH,ATL,38.0,41.0,1.0,0.0
398,2018-01-03,DL,IAH,ATL,21.0,25.0,1.0,21.0
399,2018-01-03,DL,IAH,MSP,0.0,31.0,1.0,0.0
400,2018-01-04,DL,IAH,ATL,46.0,47.0,1.0,0.0
401,2018-01-06,DL,IAH,ATL,71.0,90.0,1.0,0.0
402,2018-01-07,DL,IAH,ATL,33.0,19.0,1.0,0.0
403,2018-01-08,DL,IAH,ATL,78.0,74.0,1.0,0.0
404,2018-01-08,DL,IAH,ATL,34.0,42.0,1.0,0.0
405,2018-01-08,DL,IAH,ATL,0.0,33.0,1.0,0.0
406,2018-01-08,DL,IAH,ATL,41.0,61.0,1.0,0.0
407,2018-01-08,DL,IAH,ATL,49.0,45.0,1.0,0.0
408,2018-01-08,DL,IAH,ATL,59.0,63.0,1.0,0.0
409,2018-01-11,DL,IAH,ATL,303.0,288.0,1.0,0.0
410,2018-01-11,DL,IAH,ATL,180.0,166.0,1.0,0.0
411,2018-01-11,DL,IAH,MSP,383.0,365.0,1.0,0.0
412,2018-01-11,DL,IAH,MSP,71.0,71.0,1.0,0.0
413,2018-01-11,DL,IAH,ATL,150.0,132.0,1.0,2.0
414,2018-01-12,DL,IAH,ATL,25.0,18.0,1.0,0.0
415,2018-01-12,DL,IAH,ATL,0.0,31.0,1.0,0.0
416,2018-01-12,DL,IAH,ATL,72.0,54.0,1.0,0.0
417,2018-01-12,DL,IAH,ATL,30.0,26.0,1.0,0.0
418,2018-01-12,DL,IAH,ATL,330.0,326.0,1.0,0.0
419,2018-01-14,DL,IAH,ATL,95.0,74.0,1.0,0.0
420,2018-01-17,DL,IAH,MSP,25.0,28.0,1.0,25.0
421,2018-01-17,DL,IAH,ATL,546.0,606.0,1.0,0.0
422,2018-01-17,DL,IAH,ATL,607.0,612.0,1.0,607.0
423,2018-01-18,DL,IAH,ATL,56.0,38.0,1.0,0.0
424,2018-01-18,DL,IAH,MSP,90.0,80.0,1.0,0.0
425,2018-01-18,DL,IAH,ATL,121.0,115.0,1.0,0.0
426,2018-01-18,DL,IAH,ATL,36.0,20.0,1.0,0.0
427,2018-01-18,DL,IAH,ATL,105.0,113.0,1.0,0.0
428,2018-01-19,DL,IAH,ATL,29.0,28.0,1.0,0.0
429,2018-01-19,DL,IAH,ATL,63.0,52.0,1.0,0.0
430,2018-01-19,DL,IAH,ATL,65.0,59.0,1.0,0.0
431,2018-01-20,DL,IAH,ATL,34.0,34.0,1.0,0.0
432,2018-01-22,DL,IAH,MSP,46.0,52.0,1.0,0.0
433,2018-01-25,DL,IAH,ATL,0.0,26.0,1.0,0.0
434,2018-01-27,DL,IAH,ATL,133.0,109.0,1.0,0.0
435,2018-01-29,DL,IAH,MSP,0.0,23.0,1.0,0.0
436,2018-02-02,DL,IAH,ATL,57.0,52.0,1.0,0.0
437,2018-02-07,DL,IAH,ATL,74.0,82.0,1.0,0.0
438,2018-02-07,DL,IAH,MSP,58.0,48.0,1.0,0.0
439,2018-02-07,DL,IAH,ATL,142.0,154.0,1.0,0.0
440,2018-02-07,DL,IAH,ATL,67.0,68.0,1.0,0.0
441,2018-02-07,DL,IAH,ATL,75.0,107.0,1.0,0.0
442,2018-02-07,DL,IAH,ATL,78.0,122.0,1.0,0.0
443,2018-02-12,DL,IAH,ATL,41.0,25.0,1.0,0.0
444,2018-02-12,DL,IAH,ATL,97.0,83.0,1.0,0.0
445,2018-02-12,DL,IAH,ATL,138.0,131.0,1.0,0.0
446,2018-02-13,DL,IAH,ATL,45.0,45.0,1.0,13.0
447,2018-02-15,DL,IAH,ATL,222.0,211.0,1.0,0.0
448,2018-02-16,DL,IAH,ATL,791.0,777.0,1.0,0.0
449,2018-02-20,DL,IAH,MSP,76.0,56.0,1.0,0.0
450,2018-02-21,DL,IAH,ATL,1.0,52.0,1.0,0.0
451,2018-02-21,DL,IAH,MSP,190.0,158.0,1.0,22.0
452,2018-02-23,DL,IAH,ATL,28.0,30.0,1.0,0.0
453,2018-02-25,DL,IAH,ATL,23.0,28.0,1.0,0.0
454,2018-02-25,DL,IAH,ATL,14.0,20.0,1.0,0.0
455,2018-02-25,DL,IAH,ATL,27.0,31.0,1.0,0.0
456,2018-02-25,DL,IAH,ATL,37.0,25.0,1.0,0.0
457,2018-02-25,DL,IAH,ATL,0.0,24.0,1.0,0.0
458,2018-02-26,DL,IAH,ATL,30.0,18.0,1.0,0.0
459,2018-02-28,DL,IAH,ATL,37.0,33.0,1.0,0.0
460,2018-03-01,DL,IAH,ATL,30.0,40.0,1.0,0.0
461,2018-03-01,DL,IAH,ATL,32.0,31.0,1.0,0.0
462,2018-03-02,DL,IAH,ATL,41.0,52.0,1.0,0.0
463,2018-03-02,DL,IAH,ATL,42.0,27.0,1.0,0.0
464,2018-03-04,DL,IAH,SLC,13.0,33.0,1.0,0.0
465,2018-03-04,DL,IAH,SLC,219.0,216.0,1.0,0.0
466,2018-03-05,DL,IAH,ATL,29.0,29.0,1.0,0.0
467,2018-03-05,DL,IAH,SLC,9.0,37.0,1.0,0.0
468,2018-03-05,DL,IAH,ATL,5.0,21.0,1.0,0.0
469,2018-03-06,DL,IAH,ATL,37.0,39.0,1.0,0.0
470,2018-03-07,DL,IAH,ATL,18.0,18.0,1.0,0.0
471,2018-03-07,DL,IAH,SLC,0.0,22.0,1.0,0.0
472,2018-03-08,DL,IAH,ATL,31.0,18.0,1.0,0.0
473,2018-03-09,DL,IAH,ATL,22.0,21.0,1.0,0.0
474,2018-03-09,DL,IAH,ATL,27.0,21.0,1.0,0.0
475,2018-03-12,DL,IAH,SLC,84.0,57.0,1.0,0.0
476,2018-03-12,DL,IAH,ATL,30.0,24.0,1.0,0.0
477,2018-03-15,DL,IAH,ATL,80.0,84.0,1.0,0.0
478,2018-03-18,DL,IAH,ATL,114.0,105.0,1.0,0.0
479,2018-03-18,DL,IAH,SLC,18.0,71.0,1.0,0.0
480,2018-03-19,DL,IAH,ATL,0.0,16.0,1.0,0.0
481,2018-03-20,DL,IAH,ATL,22.0,16.0,1.0,0.0
482,2018-03-20,DL,IAH,SLC,0.0,15.0,1.0,0.0
483,2018-03-21,DL,IAH,ATL,51.0,34.0,1.0,0.0
484,2018-03-24,DL,IAH,SLC,0.0,15.0,1.0,0.0
485,2018-03-25,DL,IAH,SLC,831.0,817.0,1.0,0.0
486,2018-03-27,DL,IAH,SLC,36.0,17.0,1.0,0.0
487,2018-03-28,DL,IAH,SLC,962.0,952.0,1.0,952.0
488,2018-03-28,DL,IAH,ATL,45.0,40.0,1.0,0.0
489,2018-03-29,DL,IAH,SLC,38.0,34.0,1.0,0.0
490,2018-03-29,DL,IAH,ATL,0.0,36.0,1.0,0.0
491,2018-03-29,DL,IAH,SLC,214.0,194.0,1.0,0.0
492,2018-03-29,DL,IAH,ATL,17.0,21.0,1.0,0.0
493,2018-03-29,DL,IAH,ATL,7.0,16.0,1.0,0.0
494,2018-04-01,DL,IAH,ATL,61.0,38.0,1.0,0.0
495,2018-04-03,DL,IAH,ATL,4.0,29.0,1.0,0.0
496,2018-04-03,DL,IAH,ATL,47.0,33.0,1.0,0.0
497,2018-04-04,DL,IAH,ATL,28.0,35.0,1.0,0.0
498,2018-04-05,DL,IAH,ATL,262.0,263.0,1.0,0.0
499,2018-04-05,DL,IAH,ATL,106.0,90.0,1.0,0.0
500,2018-04-05,DL,IAH,ATL,40.0,28.0,1.0,0.0
501,2018-04-05,DL,IAH,SLC,30.0,18.0,1.0,0.0
502,2018-04-06,DL,IAH,ATL,61.0,56.0,1.0,0.0
503,2018-04-07,DL,IAH,ATL,0.0,16.0,1.0,0.0
504,2018-04-07,DL,IAH,SLC,0.0,16.0,1.0,0.0
505,2018-04-07,DL,IAH,ATL,20.0,30.0,1.0,0.0
506,2018-04-07,DL,IAH,ATL,25.0,29.0,1.0,0.0
507,2018-04-07,DL,IAH,ATL,62.0,70.0,1.0,0.0
508,2018-04-10,DL,IAH,ATL,61.0,92.0,1.0,0.0
509,2018-04-12,DL,IAH,ATL,464.0,464.0,1.0,0.0
510,2018-04-13,DL,IAH,ATL,0.0,39.0,1.0,0.0
511,2018-04-13,DL,IAH,SLC,9.0,88.0,1.0,0.0
512,2018-04-14,DL,IAH,ATL,63.0,62.0,1.0,62.0
513,2018-04-14,DL,IAH,ATL,22.0,16.0,1.0,0.0
514,2018-04-14,DL,IAH,SLC,82.0,80.0,1.0,80.0
515,2018-04-14,DL,IAH,ATL,0.0,18.0,1.0,0.0
516,2018-04-14,DL,IAH,ATL,58.0,74.0,1.0,58.0
517,2018-04-16,DL,IAH,ATL,33.0,23.0,1.0,0.0
518,2018-04-16,DL,IAH,ATL,75.0,74.0,1.0,0.0
519,2018-04-19,DL,IAH,ATL,35.0,40.0,1.0,0.0
520,2018-04-20,DL,IAH,ATL,143.0,139.0,1.0,0.0
521,2018-04-21,DL,IAH,ATL,28.0,15.0,1.0,0.0
522,2018-04-22,DL,IAH,ATL,64.0,57.0,1.0,57.0
523,2018-04-23,DL,IAH,ATL,0.0,20.0,1.0,0.0
524,2018-04-23,DL,IAH,ATL,0.0,39.0,1.0,0.0
525,2018-04-24,DL,IAH,ATL,25.0,18.0,1.0,0.0
526,2018-04-26,DL,IAH,ATL,13.0,21.0,1.0,0.0
527,2018-05-02,DL,IAH,SLC,13.0,26.0,1.0,0.0
528,2018-05-03,DL,IAH,ATL,30.0,24.0,1.0,0.0
529,2018-05-03,DL,IAH,ATL,8.0,18.0,1.0,0.0
530,2018-05-04,DL,IAH,ATL,22.0,17.0,1.0,0.0
531,2018-05-06,DL,IAH,ATL,713.0,712.0,1.0,0.0
532,2018-05-07,DL,IAH,ATL,22.0,18.0,1.0,0.0
533,2018-05-08,DL,IAH,ATL,209.0,204.0,1.0,0.0
534,2018-05-09,DL,IAH,ATL,242.0,232.0,1.0,0.0
535,2018-05-10,DL,IAH,ATL,2.0,25.0,1.0,0.0
536,2018-05-10,DL,IAH,ATL,15.0,23.0,1.0,0.0
537,2018-05-11,DL,IAH,ATL,19.0,17.0,1.0,0.0
538,2018-05-12,DL,IAH,SLC,78.0,63.0,1.0,0.0
539,2018-05-13,DL,IAH,ATL,30.0,24.0,1.0,0.0
540,2018-05-17,DL,IAH,ATL,15.0,20.0,1.0,0.0
541,2018-05-17,DL,IAH,ATL,0.0,22.0,1.0,0.0
542,2018-05-17,DL,IAH,ATL,224.0,229.0,1.0,0.0
543,2018-05-18,DL,IAH,ATL,57.0,55.0,1.0,0.0
544,2018-05-18,DL,IAH,ATL,18.0,26.0,1.0,0.0
545,2018-05-18,DL,IAH,ATL,195.0,198.0,1.0,0.0
546,2018-05-18,DL,IAH,SLC,98.0,80.0,1.0,0.0
547,2018-05-20,DL,IAH,ATL,0.0,42.0,1.0,0.0
548,2018-05-20,DL,IAH,ATL,28.0,35.0,1.0,0.0
549,2018-05-20,DL,IAH,ATL,19.0,20.0,1.0,0.0
550,2018-05-20,DL,IAH,ATL,269.0,267.0,1.0,1.0
551,2018-05-20,DL,IAH,SLC,998.0,986.0,1.0,0.0
552,2018-05-21,DL,IAH,ATL,49.0,70.0,1.0,0.0
553,2018-05-21,DL,IAH,ATL,127.0,121.0,1.0,0.0
554,2018-05-21,DL,IAH,SLC,99.0,94.0,1.0,0.0
555,2018-05-21,DL,IAH,ATL,76.0,70.0,1.0,0.0
556,2018-05-21,DL,IAH,SLC,125.0,110.0,1.0,0.0
557,2018-05-21,DL,IAH,ATL,34.0,30.0,1.0,0.0
558,2018-05-22,DL,IAH,SLC,29.0,21.0,1.0,1.0
559,2018-05-23,DL,IAH,ATL,18.0,22.0,1.0,0.0
560,2018-05-23,DL,IAH,ATL,75.0,78.0,1.0,0.0
561,2018-05-25,DL,IAH,ATL,34.0,41.0,1.0,0.0
562,2018-05-25,DL,IAH,SLC,15.0,22.0,1.0,0.0
563,2018-05-26,DL,IAH,ATL,19.0,16.0,1.0,0.0
564,2018-05-27,DL,IAH,ATL,99.0,102.0,1.0,0.0
565,2018-05-28,DL,IAH,ATL,0.0,17.0,1.0,0.0
566,2018-05-28,DL,IAH,ATL,340.0,327.0,1.0,0.0
567,2018-05-28,DL,IAH,ATL,207.0,199.0,1.0,0.0
568,2018-05-28,DL,IAH,ATL,21.0,26.0,1.0,0.0
569,2018-05-28,DL,IAH,ATL,170.0,165.0,1.0,0.0
570,2018-05-29,DL,IAH,ATL,25.0,21.0,1.0,0.0
571,2018-05-30,DL,IAH,ATL,12.0,15.0,1.0,0.0
572,2018-05-30,DL,IAH,SLC,0.0,25.0,1.0,0.0
573,2018-05-31,DL,IAH,ATL,15.0,20.0,1.0,0.0
574,2018-05-31,DL,IAH,ATL,1.0,17.0,1.0,0.0
575,2018-06-01,DL,IAH,ATL,207.0,233.0,1.0,0.0
576,2018-06-01,DL,IAH,ATL,245.0,238.0,1.0,0.0
577,2018-06-01,DL,IAH,ATL,130.0,136.0,1.0,0.0
578,2018-06-02,DL,IAH,ATL,92.0,94.0,1.0,0.0
579,2018-06-02,DL,IAH,ATL,60.0,53.0,1.0,0.0
580,2018-06-02,DL,IAH,ATL,42.0,39.0,1.0,0.0
581,2018-06-02,DL,IAH,ATL,63.0,59.0,1.0,0.0
582,2018-06-02,DL,IAH,ATL,49.0,38.0,1.0,0.0
583,2018-06-03,DL,IAH,ATL,39.0,57.0,1.0,0.0
584,2018-06-03,DL,IAH,ATL,93.0,83.0,1.0,0.0
585,2018-06-03,DL,IAH,ATL,0.0,31.0,1.0,0.0
586,2018-06-03,DL,IAH,ATL,38.0,34.0,1.0,0.0
587,2018-06-04,DL,IAH,ATL,32.0,37.0,1.0,0.0
588,2018-06-05,DL,IAH,ATL,0.0,25.0,1.0,0.0
589,2018-06-08,DL,IAH,ATL,171.0,163.0,1.0,0.0
590,2018-06-09,DL,IAH,ATL,36.0,25.0,1.0,0.0
591,2018-06-10,DL,IAH,ATL,19.0,31.0,1.0,0.0
592,2018-06-10,DL,IAH,ATL,52.0,27.0,1.0,0.0
593,2018-06-10,DL,IAH,ATL,48.0,56.0,1.0,0.0
594,2018-06-11,DL,IAH,ATL,137.0,144.0,1.0,0.0
595,2018-06-11,DL,IAH,ATL,125.0,141.0,1.0,0.0
596,2018-06-11,DL,IAH,ATL,89.0,75.0,1.0,0.0
597,2018-06-12,DL,IAH,ATL,49.0,34.0,1.0,0.0
598,2018-06-12,DL,IAH,ATL,53.0,52.0,1.0,0.0
599,2018-06-13,DL,IAH,ATL,113.0,95.0,1.0,0.0
600,2018-06-14,DL,IAH,ATL,301.0,286.0,1.0,0.0
601,2018-06-15,DL,IAH,ATL,0.0,15.0,1.0,0.0
602,2018-06-16,DL,IAH,ATL,50.0,34.0,1.0,0.0
603,2018-06-17,DL,IAH,MSP,50.0,58.0,1.0,0.0
604,2018-06-17,DL,IAH,ATL,102.0,90.0,1.0,0.0
605,2018-06-17,DL,IAH,ATL,29.0,56.0,1.0,0.0
606,2018-06-17,DL,IAH,ATL,33.0,22.0,1.0,7.0
607,2018-06-17,DL,IAH,ATL,23.0,23.0,1.0,0.0
608,2018-06-17,DL,IAH,SLC,36.0,21.0,1.0,0.0
609,2018-06-18,DL,IAH,ATL,52.0,36.0,1.0,0.0
610,2018-06-19,DL,IAH,ATL,0.0,24.0,1.0,0.0
611,2018-06-20,DL,IAH,ATL,79.0,84.0,1.0,0.0
612,2018-06-20,DL,IAH,ATL,7.0,16.0,1.0,7.0
613,2018-06-20,DL,IAH,ATL,60.0,48.0,1.0,0.0
614,2018-06-21,DL,IAH,ATL,34.0,23.0,1.0,0.0
615,2018-06-21,DL,IAH,ATL,31.0,42.0,1.0,0.0
616,2018-06-22,DL,IAH,ATL,129.0,121.0,1.0,0.0
617,2018-06-22,DL,IAH,ATL,16.0,45.0,1.0,0.0
618,2018-06-22,DL,IAH,ATL,81.0,79.0,1.0,0.0
619,2018-06-24,DL,IAH,ATL,300.0,267.0,1.0,0.0
620,2018-06-25,DL,IAH,ATL,28.0,94.0,1.0,0.0
621,2018-06-25,DL,IAH,ATL,124.0,132.0,1.0,0.0
622,2018-06-25,DL,IAH,ATL,4.0,31.0,1.0,0.0
623,2018-06-25,DL,IAH,ATL,406.0,474.0,1.0,0.0
624,2018-06-25,DL,IAH,ATL,457.0,435.0,1.0,0.0
625,2018-06-25,DL,IAH,ATL,66.0,110.0,1.0,51.0
626,2018-06-26,DL,IAH,SLC,148.0,124.0,1.0,0.0
627,2018-06-26,DL,IAH,ATL,182.0,177.0,1.0,0.0
628,2018-06-26,DL,IAH,ATL,91.0,67.0,1.0,0.0
629,2018-06-27,DL,IAH,ATL,47.0,46.0,1.0,0.0
630,2018-06-28,DL,IAH,ATL,113.0,189.0,1.0,0.0
631,2018-06-28,DL,IAH,ATL,129.0,162.0,1.0,0.0
632,2018-06-28,DL,IAH,ATL,159.0,150.0,1.0,0.0
633,2018-06-28,DL,IAH,ATL,340.0,340.0,1.0,0.0
634,2018-06-29,DL,IAH,ATL,78.0,67.0,1.0,0.0
635,2018-06-29,DL,IAH,ATL,120.0,113.0,1.0,0.0
636,2018-07-01,DL,IAH,DTW,13.0,16.0,1.0,0.0
637,2018-07-03,DL,IAH,ATL,49.0,50.0,1.0,0.0
638,2018-07-04,DL,IAH,ATL,26.0,22.0,1.0,0.0
639,2018-07-04,DL,IAH,ATL,103.0,107.0,1.0,0.0
640,2018-07-05,DL,IAH,ATL,57.0,63.0,1.0,0.0
641,2018-07-06,DL,IAH,ATL,17.0,22.0,1.0,0.0
642,2018-07-06,DL,IAH,ATL,53.0,35.0,1.0,0.0
643,2018-07-06,DL,IAH,ATL,0.0,20.0,1.0,0.0
644,2018-07-07,DL,IAH,ATL,0.0,24.0,1.0,0.0
645,2018-07-07,DL,IAH,ATL,28.0,18.0,1.0,0.0
646,2018-07-08,DL,IAH,ATL,66.0,49.0,1.0,0.0
647,2018-07-08,DL,IAH,ATL,36.0,29.0,1.0,6.0
648,2018-07-09,DL,IAH,ATL,0.0,16.0,1.0,0.0
649,2018-07-09,DL,IAH,MSP,327.0,306.0,1.0,0.0
650,2018-07-10,DL,IAH,ATL,55.0,40.0,1.0,0.0
651,2018-07-11,DL,IAH,ATL,8.0,21.0,1.0,0.0
652,2018-07-12,DL,IAH,ATL,15.0,21.0,1.0,0.0
653,2018-07-12,DL,IAH,SLC,0.0,46.0,1.0,0.0
654,2018-07-12,DL,IAH,ATL,84.0,94.0,1.0,0.0
655,2018-07-13,DL,IAH,ATL,12.0,27.0,1.0,0.0
656,2018-07-13,DL,IAH,ATL,45.0,50.0,1.0,0.0
657,2018-07-14,DL,IAH,ATL,146.0,163.0,1.0,0.0
658,2018-07-15,DL,IAH,SLC,86.0,74.0,1.0,0.0
659,2018-07-15,DL,IAH,ATL,65.0,55.0,1.0,0.0
660,2018-07-15,DL,IAH,SLC,64.0,46.0,1.0,0.0
661,2018-07-16,DL,IAH,ATL,73.0,63.0,1.0,0.0
662,2018-07-17,DL,IAH,ATL,58.0,55.0,1.0,0.0
663,2018-07-19,DL,IAH,MSP,35.0,35.0,1.0,0.0
664,2018-07-19,DL,IAH,ATL,67.0,56.0,1.0,0.0
665,2018-07-21,DL,IAH,ATL,105.0,87.0,1.0,0.0
666,2018-07-21,DL,IAH,ATL,32.0,48.0,1.0,0.0
667,2018-07-21,DL,IAH,ATL,12.0,45.0,1.0,0.0
668,2018-07-21,DL,IAH,ATL,58.0,58.0,1.0,0.0
669,2018-07-21,DL,IAH,ATL,278.0,251.0,1.0,0.0
670,2018-07-23,DL,IAH,ATL,70.0,59.0,1.0,0.0
671,2018-07-24,DL,IAH,ATL,31.0,15.0,1.0,0.0
672,2018-07-25,DL,IAH,MSP,53.0,62.0,1.0,0.0
673,2018-07-26,DL,IAH,DTW,1101.0,1090.0,1.0,0.0
674,2018-07-26,DL,IAH,ATL,37.0,19.0,1.0,0.0
675,2018-07-26,DL,IAH,ATL,96.0,71.0,1.0,0.0
676,2018-07-26,DL,IAH,ATL,67.0,51.0,1.0,0.0
677,2018-07-27,DL,IAH,ATL,45.0,28.0,1.0,0.0
678,2018-07-29,DL,IAH,ATL,38.0,29.0,1.0,0.0
679,2018-07-31,DL,IAH,ATL,142.0,169.0,1.0,0.0
680,2018-07-31,DL,IAH,ATL,168.0,183.0,1.0,0.0
681,2018-07-31,DL,IAH,MSP,65.0,58.0,1.0,20.0
682,2018-07-31,DL,IAH,ATL,368.0,388.0,1.0,0.0
683,2018-08-01,DL,IAH,ATL,49.0,38.0,1.0,0.0
684,2018-08-01,DL,IAH,ATL,35.0,23.0,1.0,0.0
685,2018-08-01,DL,IAH,ATL,64.0,49.0,1.0,0.0
686,2018-08-03,DL,IAH,ATL,57.0,49.0,1.0,0.0
687,2018-08-05,DL,IAH,DTW,132.0,114.0,1.0,0.0
688,2018-08-05,DL,IAH,ATL,0.0,33.0,1.0,0.0
689,2018-08-06,DL,IAH,ATL,27.0,22.0,1.0,0.0
690,2018-08-07,DL,IAH,MSP,120.0,100.0,1.0,0.0
691,2018-08-07,DL,IAH,SLC,305.0,285.0,1.0,0.0
692,2018-08-07,DL,IAH,ATL,95.0,88.0,1.0,0.0
693,2018-08-07,DL,IAH,ATL,36.0,22.0,1.0,0.0
694,2018-08-07,DL,IAH,ATL,40.0,19.0,1.0,0.0
695,2018-08-08,DL,IAH,ATL,55.0,92.0,1.0,0.0
696,2018-08-08,DL,IAH,SLC,81.0,61.0,1.0,0.0
697,2018-08-08,DL,IAH,ATL,34.0,16.0,1.0,16.0
698,2018-08-08,DL,IAH,ATL,71.0,55.0,1.0,0.0
699,2018-08-09,DL,IAH,ATL,50.0,48.0,1.0,0.0
700,2018-08-09,DL,IAH,ATL,125.0,133.0,1.0,0.0
701,2018-08-09,DL,IAH,ATL,122.0,110.0,1.0,0.0
702,2018-08-09,DL,IAH,ATL,135.0,141.0,1.0,0.0
703,2018-08-09,DL,IAH,ATL,85.0,118.0,1.0,0.0
704,2018-08-10,DL,IAH,ATL,72.0,62.0,1.0,0.0
705,2018-08-10,DL,IAH,ATL,46.0,82.0,1.0,0.0
706,2018-08-10,DL,IAH,SLC,47.0,61.0,1.0,6.0
707,2018-08-10,DL,IAH,ATL,16.0,54.0,1.0,1.0
708,2018-08-10,DL,IAH,ATL,96.0,100.0,1.0,0.0
709,2018-08-11,DL,IAH,ATL,59.0,38.0,1.0,0.0
710,2018-08-11,DL,IAH,ATL,21.0,18.0,1.0,5.0
711,2018-08-13,DL,IAH,DTW,38.0,24.0,1.0,0.0
712,2018-08-13,DL,IAH,SLC,62.0,56.0,1.0,0.0
713,2018-08-16,DL,IAH,ATL,56.0,41.0,1.0,0.0
714,2018-08-16,DL,IAH,MSP,267.0,247.0,1.0,0.0
715,2018-08-16,DL,IAH,SLC,81.0,75.0,1.0,0.0
716,2018-08-17,DL,IAH,DTW,0.0,28.0,1.0,0.0
717,2018-08-18,DL,IAH,ATL,0.0,60.0,1.0,0.0
718,2018-08-19,DL,IAH,ATL,30.0,27.0,1.0,0.0
719,2018-08-25,DL,IAH,ATL,44.0,34.0,1.0,0.0
720,2018-08-25,DL,IAH,DTW,4.0,24.0,1.0,0.0
721,2018-08-26,DL,IAH,ATL,94.0,75.0,1.0,0.0
722,2018-08-28,DL,IAH,MSP,38.0,59.0,1.0,0.0
723,2018-08-28,DL,IAH,MSP,65.0,41.0,1.0,0.0
724,2018-08-28,DL,IAH,ATL,26.0,22.0,1.0,0.0
725,2018-08-29,DL,IAH,ATL,30.0,34.0,1.0,0.0
726,2018-08-29,DL,IAH,ATL,19.0,16.0,1.0,16.0
727,2018-08-29,DL,IAH,ATL,23.0,17.0,1.0,0.0
728,2018-08-31,DL,IAH,MSP,278.0,255.0,1.0,0.0
729,2018-09-02,DL,IAH,ATL,43.0,71.0,1.0,0.0
730,2018-09-03,DL,IAH,ATL,51.0,51.0,1.0,0.0
731,2018-09-04,DL,IAH,ATL,16.0,16.0,1.0,0.0
732,2018-09-05,DL,IAH,ATL,31.0,47.0,1.0,0.0
733,2018-09-05,DL,IAH,ATL,26.0,32.0,1.0,0.0
734,2018-09-07,DL,IAH,DTW,109.0,97.0,1.0,0.0
735,2018-09-07,DL,IAH,ATL,15.0,18.0,1.0,0.0
736,2018-09-07,DL,IAH,ATL,29.0,18.0,1.0,18.0
737,2018-09-07,DL,IAH,SLC,140.0,128.0,1.0,0.0
738,2018-09-09,DL,IAH,ATL,41.0,30.0,1.0,0.0
739,2018-09-10,DL,IAH,DTW,1156.0,1139.0,1.0,0.0
740,2018-09-10,DL,IAH,ATL,72.0,65.0,1.0,0.0
741,2018-09-10,DL,IAH,ATL,22.0,21.0,1.0,0.0
742,2018-09-11,DL,IAH,ATL,40.0,31.0,1.0,0.0
743,2018-09-11,DL,IAH,DTW,86.0,64.0,1.0,0.0
744,2018-09-12,DL,IAH,ATL,16.0,21.0,1.0,0.0
745,2018-09-12,DL,IAH,ATL,80.0,87.0,1.0,0.0
746,2018-09-12,DL,IAH,ATL,37.0,22.0,1.0,0.0
747,2018-09-12,DL,IAH,DTW,0.0,16.0,1.0,0.0
748,2018-09-13,DL,IAH,ATL,50.0,54.0,1.0,0.0
749,2018-09-14,DL,IAH,ATL,26.0,19.0,1.0,5.0
750,2018-09-20,DL,IAH,ATL,77.0,72.0,1.0,72.0
751,2018-09-20,DL,IAH,SLC,92.0,86.0,1.0,0.0
752,2018-09-20,DL,IAH,ATL,212.0,200.0,1.0,54.0
753,2018-09-21,DL,IAH,ATL,93.0,109.0,1.0,25.0
754,2018-09-21,DL,IAH,ATL,19.0,15.0,1.0,0.0
755,2018-09-21,DL,IAH,ATL,220.0,247.0,1.0,0.0
756,2018-09-21,DL,IAH,ATL,18.0,22.0,1.0,0.0
757,2018-09-21,DL,IAH,SLC,39.0,22.0,1.0,3.0
758,2018-09-21,DL,IAH,DTW,303.0,334.0,1.0,0.0
759,2018-09-21,DL,IAH,ATL,25.0,65.0,1.0,1.0
760,2018-09-22,DL,IAH,ATL,43.0,33.0,1.0,1.0
761,2018-09-22,DL,IAH,ATL,66.0,49.0,1.0,0.0
762,2018-09-22,DL,IAH,ATL,42.0,37.0,1.0,19.0
763,2018-09-24,DL,IAH,ATL,29.0,50.0,1.0,0.0
764,2018-09-25,DL,IAH,ATL,0.0,39.0,1.0,0.0
765,2018-09-25,DL,IAH,ATL,7.0,18.0,1.0,0.0
766,2018-09-26,DL,IAH,ATL,45.0,89.0,1.0,0.0
767,2018-09-26,DL,IAH,ATL,53.0,50.0,1.0,0.0
768,2018-09-26,DL,IAH,ATL,102.0,94.0,1.0,0.0
769,2018-09-26,DL,IAH,ATL,10.0,74.0,1.0,0.0
770,2018-09-26,DL,IAH,SLC,89.0,81.0,1.0,0.0
771,2018-09-26,DL,IAH,ATL,114.0,91.0,1.0,0.0
772,2018-09-27,DL,IAH,ATL,28.0,38.0,1.0,0.0
773,2018-09-27,DL,IAH,ATL,143.0,139.0,1.0,0.0
774,2018-09-27,DL,IAH,ATL,36.0,28.0,1.0,0.0
775,2018-09-27,DL,IAH,ATL,21.0,21.0,1.0,0.0
776,2018-09-28,DL,IAH,ATL,25.0,20.0,1.0,0.0
777,2018-09-28,DL,IAH,ATL,22.0,15.0,1.0,0.0
778,2018-09-29,DL,IAH,ATL,0.0,30.0,1.0,0.0
779,2018-09-30,DL,IAH,ATL,0.0,17.0,1.0,0.0
780,2018-10-01,DL,IAH,ATL,32.0,20.0,1.0,20.0
781,2018-10-01,DL,IAH,ATL,38.0,42.0,1.0,0.0
782,2018-10-01,DL,IAH,DTW,145.0,131.0,1.0,0.0
783,2018-10-01,DL,IAH,ATL,45.0,39.0,1.0,0.0
784,2018-10-01,DL,IAH,ATL,19.0,22.0,1.0,0.0
785,2018-10-05,DL,IAH,ATL,11.0,17.0,1.0,0.0
786,2018-10-05,DL,IAH,ATL,56.0,50.0,1.0,0.0
787,2018-10-08,DL,IAH,DTW,0.0,33.0,1.0,0.0
788,2018-10-08,DL,IAH,ATL,0.0,17.0,1.0,0.0
789,2018-10-09,DL,IAH,ATL,42.0,59.0,1.0,0.0
790,2018-10-10,DL,IAH,SLC,27.0,18.0,1.0,0.0
791,2018-10-10,DL,IAH,ATL,16.0,33.0,1.0,0.0
792,2018-10-15,DL,IAH,ATL,4.0,63.0,1.0,0.0
793,2018-10-15,DL,IAH,ATL,0.0,25.0,1.0,0.0
794,2018-10-15,DL,IAH,ATL,70.0,123.0,1.0,13.0
795,2018-10-15,DL,IAH,ATL,44.0,54.0,1.0,0.0
796,2018-10-15,DL,IAH,ATL,0.0,15.0,1.0,0.0
797,2018-10-17,DL,IAH,ATL,15.0,38.0,1.0,0.0
798,2018-10-18,DL,IAH,ATL,48.0,40.0,1.0,0.0
799,2018-10-18,DL,IAH,ATL,47.0,43.0,1.0,0.0
800,2018-10-19,DL,IAH,ATL,28.0,15.0,1.0,0.0
801,2018-10-20,DL,IAH,ATL,106.0,99.0,1.0,0.0
802,2018-10-21,DL,IAH,DTW,69.0,55.0,1.0,0.0
803,2018-10-22,DL,IAH,ATL,31.0,18.0,1.0,0.0
804,2018-10-23,DL,IAH,ATL,317.0,300.0,1.0,0.0
805,2018-10-23,DL,IAH,ATL,48.0,38.0,1.0,0.0
806,2018-10-23,DL,IAH,ATL,66.0,56.0,1.0,0.0
807,2018-10-24,DL,IAH,ATL,45.0,37.0,1.0,0.0
808,2018-10-26,DL,IAH,ATL,27.0,23.0,1.0,0.0
809,2018-10-26,DL,IAH,ATL,33.0,25.0,1.0,0.0
810,2018-10-31,DL,IAH,ATL,81.0,73.0,1.0,0.0
811,2018-11-01,DL,IAH,ATL,0.0,18.0,1.0,0.0
812,2018-11-01,DL,IAH,ATL,52.0,55.0,1.0,0.0
813,2018-11-01,DL,IAH,DTW,56.0,37.0,1.0,0.0
814,2018-11-01,DL,IAH,ATL,24.0,42.0,1.0,0.0
815,2018-11-01,DL,IAH,ATL,49.0,31.0,1.0,0.0
816,2018-11-01,DL,IAH,ATL,0.0,48.0,1.0,0.0
817,2018-11-02,DL,IAH,ATL,570.0,551.0,1.0,0.0
818,2018-11-02,DL,IAH,ATL,41.0,29.0,1.0,0.0
819,2018-11-04,DL,IAH,ATL,15.0,16.0,1.0,0.0
820,2018-11-05,DL,IAH,ATL,39.0,47.0,1.0,0.0
821,2018-11-05,DL,IAH,ATL,21.0,34.0,1.0,0.0
822,2018-11-05,DL,IAH,ATL,0.0,96.0,1.0,0.0
823,2018-11-07,DL,IAH,ATL,25.0,42.0,1.0,0.0
824,2018-11-07,DL,IAH,ATL,15.0,29.0,1.0,0.0
825,2018-11-07,DL,IAH,ATL,39.0,29.0,1.0,23.0
826,2018-11-08,DL,IAH,ATL,30.0,32.0,1.0,0.0
827,2018-11-08,DL,IAH,ATL,23.0,25.0,1.0,0.0
828,2018-11-09,DL,IAH,ATL,58.0,71.0,1.0,0.0
829,2018-11-09,DL,IAH,ATL,34.0,28.0,1.0,0.0
830,2018-11-09,DL,IAH,ATL,27.0,57.0,1.0,0.0
831,2018-11-09,DL,IAH,ATL,32.0,113.0,1.0,0.0
832,2018-11-09,DL,IAH,ATL,46.0,46.0,1.0,0.0
833,2018-11-09,DL,IAH,ATL,23.0,39.0,1.0,0.0
834,2018-11-11,DL,IAH,ATL,21.0,27.0,1.0,0.0
835,2018-11-12,DL,IAH,ATL,37.0,46.0,1.0,0.0
836,2018-11-12,DL,IAH,ATL,61.0,69.0,1.0,0.0
837,2018-11-13,DL,IAH,ATL,38.0,48.0,1.0,0.0
838,2018-11-13,DL,IAH,ATL,38.0,57.0,1.0,0.0
839,2018-11-14,DL,IAH,ATL,8.0,32.0,1.0,0.0
840,2018-11-14,DL,IAH,ATL,21.0,15.0,1.0,0.0
841,2018-11-14,DL,IAH,ATL,15.0,27.0,1.0,0.0
842,2018-11-15,DL,IAH,ATL,20.0,17.0,1.0,0.0
843,2018-11-15,DL,IAH,ATL,8.0,23.0,1.0,0.0
844,2018-11-15,DL,IAH,ATL,63.0,52.0,1.0,0.0
845,2018-11-16,DL,IAH,DTW,260.0,249.0,1.0,0.0
846,2018-11-19,DL,IAH,ATL,38.0,15.0,1.0,0.0
847,2018-11-23,DL,IAH,ATL,50.0,30.0,1.0,1.0
848,2018-11-24,DL,IAH,ATL,566.0,540.0,1.0,0.0
849,2018-11-25,DL,IAH,ATL,0.0,70.0,1.0,0.0
850,2018-11-25,DL,IAH,ATL,31.0,28.0,1.0,0.0
851,2018-11-25,DL,IAH,ATL,37.0,27.0,1.0,0.0
852,2018-11-25,DL,IAH,ATL,40.0,23.0,1.0,0.0
853,2018-11-25,DL,IAH,ATL,124.0,122.0,1.0,0.0
854,2018-11-26,DL,IAH,ATL,19.0,28.0,1.0,0.0
855,2018-11-28,DL,IAH,ATL,76.0,63.0,1.0,0.0
856,2018-11-30,DL,IAH,ATL,37.0,16.0,1.0,0.0
857,2018-12-01,DL,IAH,ATL,40.0,28.0,1.0,0.0
858,2018-12-01,DL,IAH,ATL,2.0,30.0,1.0,0.0
859,2018-12-06,DL,IAH,ATL,32.0,19.0,1.0,0.0
860,2018-12-07,DL,IAH,ATL,38.0,34.0,1.0,0.0
861,2018-12-07,DL,IAH,ATL,48.0,51.0,1.0,0.0
862,2018-12-08,DL,IAH,ATL,139.0,147.0,1.0,0.0
863,2018-12-09,DL,IAH,DTW,28.0,22.0,1.0,0.0
864,2018-12-13,DL,IAH,ATL,52.0,35.0,1.0,0.0
865,2018-12-13,DL,IAH,ATL,132.0,114.0,1.0,0.0
866,2018-12-13,DL,IAH,ATL,75.0,58.0,1.0,0.0
867,2018-12-13,DL,IAH,ATL,38.0,69.0,1.0,0.0
868,2018-12-14,DL,IAH,ATL,15.0,22.0,1.0,0.0
869,2018-12-14,DL,IAH,ATL,0.0,20.0,1.0,0.0
870,2018-12-14,DL,IAH,ATL,73.0,87.0,1.0,0.0
871,2018-12-14,DL,IAH,ATL,36.0,45.0,1.0,0.0
872,2018-12-14,DL,IAH,ATL,33.0,51.0,1.0,0.0
873,2018-12-16,DL,IAH,ATL,9.0,21.0,1.0,0.0
874,2018-12-18,DL,IAH,ATL,54.0,41.0,1.0,0.0
875,2018-12-19,DL,IAH,ATL,21.0,18.0,1.0,0.0
876,2018-12-20,DL,IAH,ATL,0.0,23.0,1.0,0.0
877,2018-12-21,DL,IAH,ATL,113.0,108.0,1.0,0.0
878,2018-12-21,DL,IAH,SLC,13.0,17.0,1.0,0.0
879,2018-12-23,DL,IAH,ATL,35.0,29.0,1.0,0.0
880,2018-12-26,DL,IAH,ATL,275.0,257.0,1.0,0.0
881,2018-12-27,DL,IAH,ATL,18.0,21.0,1.0,0.0
882,2018-12-27,DL,IAH,ATL,198.0,233.0,1.0,0.0
883,2018-12-27,DL,IAH,ATL,72.0,99.0,1.0,0.0
884,2018-12-27,DL,IAH,ATL,72.0,61.0,1.0,0.0
885,2018-12-31,DL,IAH,ATL,31.0,29.0,1.0,0.0
886,2019-01-02,DL,IAH,ATL,101.0,90.0,1.0,0.0
887,2019-01-03,DL,IAH,ATL,39.0,32.0,1.0,0.0
888,2019-01-15,DL,IAH,ATL,46.0,64.0,1.0,0.0
889,2019-01-17,DL,IAH,ATL,30.0,23.0,1.0,0.0
890,2019-01-17,DL,IAH,ATL,46.0,42.0,1.0,0.0
891,2019-01-18,DL,IAH,ATL,51.0,55.0,1.0,0.0
892,2019-01-18,DL,IAH,ATL,47.0,30.0,1.0,0.0
893,2019-01-18,DL,IAH,ATL,106.0,92.0,1.0,0.0
894,2019-01-19,DL,IAH,ATL,1.0,43.0,1.0,0.0
895,2019-01-20,DL,IAH,ATL,0.0,18.0,1.0,0.0
896,2019-01-21,DL,IAH,ATL,50.0,37.0,1.0,0.0
897,2019-01-22,DL,IAH,ATL,25.0,15.0,1.0,0.0
898,2019-01-23,DL,IAH,ATL,24.0,78.0,1.0,0.0
899,2019-01-23,DL,IAH,ATL,22.0,28.0,1.0,0.0
900,2019-01-24,DL,IAH,ATL,61.0,43.0,1.0,0.0
901,2019-01-25,DL,IAH,ATL,33.0,20.0,1.0,0.0
902,2019-01-29,DL,IAH,ATL,22.0,23.0,1.0,0.0
903,2019-01-29,DL,IAH,ATL,29.0,19.0,1.0,0.0
904,2019-01-30,DL,IAH,ATL,38.0,20.0,1.0,0.0
905,2019-01-31,DL,IAH,ATL,34.0,27.0,1.0,0.0
906,2019-01-31,DL,IAH,ATL,70.0,79.0,1.0,0.0
907,2019-02-01,DL,IAH,ATL,28.0,26.0,1.0,0.0
908,2019-02-06,DL,IAH,ATL,51.0,41.0,1.0,0.0
909,2019-02-07,DL,IAH,ATL,143.0,145.0,1.0,0.0
910,2019-02-10,DL,IAH,ATL,42.0,19.0,1.0,0.0
911,2019-02-10,DL,IAH,ATL,63.0,55.0,1.0,0.0
912,2019-02-11,DL,IAH,ATL,50.0,40.0,1.0,0.0
913,2019-02-12,DL,IAH,ATL,48.0,44.0,1.0,0.0
914,2019-02-12,DL,IAH,ATL,23.0,44.0,1.0,0.0
915,2019-02-15,DL,IAH,ATL,22.0,22.0,1.0,0.0
916,2019-02-16,DL,IAH,ATL,145.0,128.0,1.0,0.0
917,2019-02-17,DL,IAH,ATL,11.0,38.0,1.0,0.0
918,2019-02-17,DL,IAH,ATL,62.0,68.0,1.0,0.0
919,2019-02-18,DL,IAH,ATL,38.0,23.0,1.0,0.0
920,2019-02-19,DL,IAH,ATL,154.0,146.0,1.0,0.0
921,2019-02-19,DL,IAH,ATL,41.0,50.0,1.0,0.0
922,2019-02-19,DL,IAH,ATL,34.0,25.0,1.0,0.0
923,2019-02-19,DL,IAH,ATL,30.0,34.0,1.0,0.0
924,2019-02-20,DL,IAH,ATL,31.0,43.0,1.0,0.0
925,2019-02-20,DL,IAH,ATL,56.0,64.0,1.0,0.0
926,2019-02-20,DL,IAH,ATL,121.0,116.0,1.0,0.0
927,2019-02-20,DL,IAH,ATL,83.0,100.0,1.0,0.0
928,2019-02-20,DL,IAH,ATL,147.0,144.0,1.0,0.0
929,2019-02-20,DL,IAH,ATL,61.0,68.0,1.0,0.0
930,2019-02-20,DL,IAH,ATL,44.0,70.0,1.0,0.0
931,2019-02-21,DL,IAH,ATL,113.0,86.0,1.0,0.0
932,2019-02-21,DL,IAH,ATL,48.0,31.0,1.0,0.0
933,2019-02-21,DL,IAH,ATL,47.0,30.0,1.0,0.0
934,2019-02-21,DL,IAH,ATL,75.0,68.0,1.0,0.0
935,2019-02-21,DL,IAH,ATL,29.0,22.0,1.0,0.0
936,2019-02-21,DL,IAH,ATL,40.0,41.0,1.0,0.0
937,2019-02-22,DL,IAH,ATL,30.0,26.0,1.0,0.0
938,2019-02-22,DL,IAH,ATL,0.0,26.0,1.0,0.0
939,2019-02-24,DL,IAH,ATL,17.0,18.0,1.0,0.0
940,2019-02-25,DL,IAH,ATL,39.0,43.0,1.0,0.0
941,2019-02-25,DL,IAH,ATL,52.0,47.0,1.0,0.0
942,2019-02-25,DL,IAH,ATL,19.0,27.0,1.0,3.0
943,2019-02-25,DL,IAH,ATL,45.0,38.0,1.0,0.0
944,2019-02-28,DL,IAH,ATL,7.0,17.0,1.0,0.0
945,2019-02-28,DL,IAH,ATL,39.0,42.0,1.0,0.0
946,2019-02-28,DL,IAH,ATL,16.0,42.0,1.0,0.0
947,2019-02-28,DL,IAH,ATL,27.0,28.0,1.0,0.0
948,2019-02-28,DL,IAH,ATL,13.0,18.0,1.0,0.0
949,2019-03-01,DL,IAH,ATL,25.0,22.0,1.0,0.0
950,2019-03-01,DL,IAH,ATL,84.0,86.0,1.0,0.0
951,2019-03-01,DL,IAH,ATL,45.0,48.0,1.0,0.0
952,2019-03-03,DL,IAH,ATL,355.0,359.0,1.0,0.0
953,2019-03-03,DL,IAH,ATL,37.0,22.0,1.0,0.0
954,2019-03-03,DL,IAH,ATL,133.0,123.0,1.0,0.0
955,2019-03-03,DL,IAH,ATL,42.0,43.0,1.0,0.0
956,2019-03-03,DL,IAH,ATL,34.0,50.0,1.0,0.0
957,2019-03-04,DL,IAH,SLC,54.0,55.0,1.0,0.0
958,2019-03-04,DL,IAH,ATL,79.0,82.0,1.0,0.0
959,2019-03-05,DL,IAH,SLC,13.0,23.0,1.0,0.0
960,2019-03-05,DL,IAH,ATL,29.0,33.0,1.0,0.0
961,2019-03-05,DL,IAH,ATL,8.0,33.0,1.0,0.0
962,2019-03-05,DL,IAH,ATL,248.0,229.0,1.0,0.0
963,2019-03-06,DL,IAH,ATL,117.0,107.0,1.0,0.0
964,2019-03-07,DL,IAH,ATL,28.0,30.0,1.0,0.0
965,2019-03-08,DL,IAH,SLC,158.0,152.0,1.0,0.0
966,2019-03-09,DL,IAH,ATL,0.0,29.0,1.0,0.0
967,2019-03-11,DL,IAH,ATL,0.0,23.0,1.0,0.0
968,2019-03-11,DL,IAH,ATL,473.0,459.0,1.0,0.0
969,2019-03-12,DL,IAH,ATL,25.0,31.0,1.0,0.0
970,2019-03-12,DL,IAH,ATL,27.0,15.0,1.0,0.0
971,2019-03-12,DL,IAH,ATL,53.0,43.0,1.0,0.0
972,2019-03-13,DL,IAH,ATL,26.0,21.0,1.0,0.0
973,2019-03-14,DL,IAH,ATL,9.0,15.0,1.0,0.0
974,2019-03-14,DL,IAH,ATL,31.0,24.0,1.0,0.0
975,2019-03-15,DL,IAH,ATL,44.0,56.0,1.0,0.0
976,2019-03-15,DL,IAH,ATL,38.0,33.0,1.0,0.0
977,2019-03-15,DL,IAH,ATL,19.0,28.0,1.0,0.0
978,2019-03-17,DL,IAH,ATL,55.0,47.0,1.0,0.0
979,2019-03-18,DL,IAH,ATL,89.0,84.0,1.0,0.0
980,2019-03-25,DL,IAH,ATL,5.0,37.0,1.0,0.0
981,2019-03-25,DL,IAH,ATL,133.0,134.0,1.0,0.0
982,2019-03-26,DL,IAH,ATL,0.0,17.0,1.0,0.0
983,2019-03-26,DL,IAH,ATL,0.0,16.0,1.0,0.0
984,2019-03-27,DL,IAH,ATL,38.0,43.0,1.0,0.0
985,2019-03-29,DL,IAH,ATL,42.0,41.0,1.0,0.0
986,2019-03-30,DL,IAH,ATL,50.0,47.0,1.0,0.0
987,2019-03-31,DL,IAH,ATL,20.0,16.0,1.0,0.0
988,2019-03-31,DL,IAH,ATL,31.0,18.0,1.0,0.0
989,2019-05-01,DL,IAH,LGA,19.0,33.0,1.0,0.0
990,2019-05-01,DL,IAH,ATL,8.0,18.0,1.0,0.0
991,2019-05-01,DL,IAH,ATL,43.0,32.0,1.0,0.0
992,2019-05-02,DL,IAH,LGA,24.0,50.0,1.0,0.0
993,2019-05-02,DL,IAH,LGA,61.0,59.0,1.0,0.0
994,2019-05-02,DL,IAH,ATL,34.0,21.0,1.0,0.0
995,2019-05-02,DL,IAH,LGA,35.0,74.0,1.0,0.0
996,2019-05-02,DL,IAH,SLC,9.0,60.0,1.0,9.0
997,2019-05-02,DL,IAH,LGA,22.0,15.0,1.0,0.0
998,2019-05-02,DL,IAH,ATL,68.0,51.0,1.0,0.0
999,2019-05-02,DL,IAH,ATL,177.0,165.0,1.0,7.0
1000,2019-05-02,DL,IAH,ATL,45.0,37.0,1.0,0.0
1001,2019-05-02,DL,IAH,ATL,152.0,125.0,1.0,72.0
1002,2019-05-03,DL,IAH,ATL,291.0,270.0,1.0,0.0
1003,2019-05-03,DL,IAH,LGA,45.0,46.0,1.0,0.0
1004,2019-05-03,DL,IAH,LGA,102.0,86.0,1.0,0.0
1005,2019-05-03,DL,IAH,ATL,195.0,183.0,1.0,0.0
1006,2019-05-04,DL,IAH,ATL,407.0,406.0,1.0,0.0
1007,2019-05-04,DL,IAH,ATL,19.0,18.0,1.0,0.0
1008,2019-05-04,DL,IAH,ATL,37.0,60.0,1.0,0.0
1009,2019-05-04,DL,IAH,ATL,39.0,28.0,1.0,0.0
1010,2019-05-05,DL,IAH,LGA,1.0,43.0,1.0,0.0
1011,2019-05-05,DL,IAH,LGA,67.0,45.0,1.0,0.0
1012,2019-05-06,DL,IAH,ATL,382.0,371.0,1.0,0.0
1013,2019-05-06,DL,IAH,LGA,32.0,18.0,1.0,0.0
1014,2019-05-07,DL,IAH,LGA,104.0,91.0,1.0,91.0
1015,2019-05-07,DL,IAH,ATL,49.0,43.0,1.0,2.0
1016,2019-05-07,DL,IAH,LGA,32.0,29.0,1.0,29.0
1017,2019-05-07,DL,IAH,ATL,209.0,196.0,1.0,71.0
1018,2019-05-07,DL,IAH,LGA,150.0,136.0,1.0,7.0
1019,2019-05-07,DL,IAH,ATL,178.0,172.0,1.0,4.0
1020,2019-05-08,DL,IAH,ATL,53.0,30.0,1.0,0.0
1021,2019-05-08,DL,IAH,ATL,167.0,165.0,1.0,0.0
1022,2019-05-08,DL,IAH,LGA,82.0,74.0,1.0,0.0
1023,2019-05-08,DL,IAH,ATL,31.0,55.0,1.0,0.0
1024,2019-05-08,DL,IAH,ATL,13.0,20.0,1.0,0.0
1025,2019-05-08,DL,IAH,LGA,107.0,105.0,1.0,0.0
1026,2019-05-08,DL,IAH,LGA,0.0,19.0,1.0,0.0
1027,2019-05-08,DL,IAH,SLC,89.0,113.0,1.0,0.0
1028,2019-05-09,DL,IAH,ATL,40.0,38.0,1.0,0.0
1029,2019-05-09,DL,IAH,LGA,1107.0,1077.0,1.0,0.0
1030,2019-05-09,DL,IAH,ATL,102.0,114.0,1.0,0.0
1031,2019-05-09,DL,IAH,LGA,449.0,431.0,1.0,431.0
1032,2019-05-09,DL,IAH,ATL,25.0,73.0,1.0,0.0
1033,2019-05-09,DL,IAH,LGA,355.0,421.0,1.0,0.0
1034,2019-05-09,DL,IAH,LGA,110.0,87.0,1.0,0.0
1035,2019-05-09,DL,IAH,ATL,733.0,729.0,1.0,0.0
1036,2019-05-10,DL,IAH,ATL,44.0,41.0,1.0,0.0
1037,2019-05-10,DL,IAH,LGA,43.0,28.0,1.0,0.0
1038,2019-05-10,DL,IAH,ATL,39.0,35.0,1.0,0.0
1039,2019-05-10,DL,IAH,ATL,60.0,60.0,1.0,0.0
1040,2019-05-10,DL,IAH,ATL,232.0,227.0,1.0,0.0
1041,2019-05-10,DL,IAH,ATL,50.0,43.0,1.0,0.0
1042,2019-05-10,DL,IAH,ATL,133.0,126.0,1.0,0.0
1043,2019-05-10,DL,IAH,LGA,233.0,204.0,1.0,0.0
1044,2019-05-11,DL,IAH,ATL,115.0,106.0,1.0,0.0
1045,2019-05-11,DL,IAH,DTW,14.0,28.0,1.0,0.0
1046,2019-05-11,DL,IAH,ATL,31.0,38.0,1.0,0.0
1047,2019-05-11,DL,IAH,ATL,30.0,17.0,1.0,17.0
1048,2019-05-12,DL,IAH,LGA,306.0,284.0,1.0,0.0
1049,2019-05-12,DL,IAH,ATL,9.0,20.0,1.0,0.0
1050,2019-05-12,DL,IAH,ATL,25.0,26.0,1.0,0.0
1051,2019-05-13,DL,IAH,LGA,164.0,127.0,1.0,0.0
1052,2019-05-14,DL,IAH,SLC,45.0,26.0,1.0,0.0
1053,2019-05-15,DL,IAH,LGA,285.0,269.0,1.0,0.0
1054,2019-05-16,DL,IAH,LGA,52.0,57.0,1.0,0.0
1055,2019-05-17,DL,IAH,ATL,17.0,19.0,1.0,0.0
1056,2019-05-17,DL,IAH,ATL,17.0,18.0,1.0,0.0
1057,2019-05-17,DL,IAH,ATL,126.0,127.0,1.0,0.0
1058,2019-05-17,DL,IAH,LGA,0.0,17.0,1.0,0.0
1059,2019-05-18,DL,IAH,ATL,36.0,25.0,1.0,0.0
1060,2019-05-18,DL,IAH,SLC,211.0,206.0,1.0,0.0
1061,2019-05-19,DL,IAH,ATL,173.0,164.0,1.0,0.0
1062,2019-05-19,DL,IAH,LGA,44.0,43.0,1.0,0.0
1063,2019-05-19,DL,IAH,ATL,51.0,44.0,1.0,0.0
1064,2019-05-19,DL,IAH,LGA,16.0,128.0,1.0,0.0
1065,2019-05-19,DL,IAH,LGA,85.0,89.0,1.0,0.0
1066,2019-05-19,DL,IAH,ATL,20.0,33.0,1.0,0.0
1067,2019-05-20,DL,IAH,SLC,30.0,19.0,1.0,0.0
1068,2019-05-20,DL,IAH,LGA,6.0,33.0,1.0,0.0
1069,2019-05-20,DL,IAH,LGA,43.0,45.0,1.0,0.0
1070,2019-05-21,DL,IAH,LGA,135.0,116.0,1.0,0.0
1071,2019-05-23,DL,IAH,LGA,25.0,27.0,1.0,0.0
1072,2019-05-23,DL,IAH,LGA,82.0,75.0,1.0,0.0
1073,2019-05-23,DL,IAH,LGA,125.0,140.0,1.0,0.0
1074,2019-05-23,DL,IAH,ATL,40.0,35.0,1.0,0.0
1075,2019-05-24,DL,IAH,ATL,111.0,105.0,1.0,0.0
1076,2019-05-24,DL,IAH,ATL,23.0,16.0,1.0,0.0
1077,2019-05-24,DL,IAH,ATL,179.0,160.0,1.0,0.0
1078,2019-05-24,DL,IAH,LGA,22.0,42.0,1.0,0.0
1079,2019-05-24,DL,IAH,LGA,37.0,31.0,1.0,0.0
1080,2019-05-24,DL,IAH,ATL,25.0,17.0,1.0,0.0
1081,2019-05-24,DL,IAH,LGA,67.0,65.0,1.0,0.0
1082,2019-05-24,DL,IAH,ATL,45.0,35.0,1.0,0.0
1083,2019-05-26,DL,IAH,ATL,148.0,131.0,1.0,0.0
1084,2019-05-28,DL,IAH,LGA,71.0,78.0,1.0,0.0
1085,2019-05-28,DL,IAH,LGA,938.0,937.0,1.0,0.0
1086,2019-05-28,DL,IAH,LGA,269.0,252.0,1.0,0.0
1087,2019-05-29,DL,IAH,LGA,27.0,32.0,1.0,0.0
1088,2019-05-29,DL,IAH,LGA,28.0,22.0,1.0,0.0
1089,2019-05-29,DL,IAH,LGA,63.0,45.0,1.0,0.0
1090,2019-05-30,DL,IAH,LGA,1.0,39.0,1.0,0.0
1091,2019-05-30,DL,IAH,ATL,23.0,18.0,1.0,0.0
1092,2019-05-30,DL,IAH,LGA,0.0,80.0,1.0,0.0
1093,2019-05-30,DL,IAH,SLC,9.0,68.0,1.0,0.0
1094,2019-05-30,DL,IAH,LGA,95.0,97.0,1.0,0.0
1095,2019-05-30,DL,IAH,LGA,98.0,80.0,1.0,0.0
1096,2019-05-30,DL,IAH,ATL,68.0,52.0,1.0,0.0
1097,2019-05-31,DL,IAH,LGA,6.0,56.0,1.0,0.0
1098,2019-05-31,DL,IAH,LGA,6.0,32.0,1.0,0.0
1099,2019-06-02,DL,IAH,ATL,23.0,25.0,1.0,0.0
1100,2019-06-02,DL,IAH,LGA,104.0,102.0,1.0,0.0
1101,2019-06-02,DL,IAH,LGA,0.0,58.0,1.0,0.0
1102,2019-06-03,DL,IAH,ATL,91.0,64.0,1.0,0.0
1103,2019-06-03,DL,IAH,SLC,60.0,29.0,1.0,0.0
1104,2019-06-04,DL,IAH,LGA,1.0,17.0,1.0,0.0
1105,2019-06-05,DL,IAH,LGA,50.0,48.0,1.0,0.0
1106,2019-06-05,DL,IAH,LGA,33.0,19.0,1.0,0.0
1107,2019-06-05,DL,IAH,LGA,81.0,59.0,1.0,0.0
1108,2019-06-05,DL,IAH,LGA,60.0,49.0,1.0,0.0
1109,2019-06-06,DL,IAH,ATL,33.0,28.0,1.0,0.0
1110,2019-06-06,DL,IAH,ATL,39.0,34.0,1.0,0.0
1111,2019-06-06,DL,IAH,LGA,593.0,561.0,1.0,0.0
1112,2019-06-06,DL,IAH,ATL,28.0,20.0,1.0,0.0
1113,2019-06-07,DL,IAH,ATL,0.0,50.0,1.0,0.0
1114,2019-06-07,DL,IAH,LGA,55.0,81.0,1.0,0.0
1115,2019-06-07,DL,IAH,ATL,24.0,19.0,1.0,0.0
1116,2019-06-07,DL,IAH,ATL,2.0,22.0,1.0,0.0
1117,2019-06-08,DL,IAH,LGA,199.0,181.0,1.0,0.0
1118,2019-06-08,DL,IAH,ATL,128.0,129.0,1.0,0.0
1119,2019-06-08,DL,IAH,ATL,131.0,168.0,1.0,0.0
1120,2019-06-08,DL,IAH,ATL,98.0,94.0,1.0,0.0
1121,2019-06-08,DL,IAH,ATL,28.0,27.0,1.0,0.0
1122,2019-06-08,DL,IAH,ATL,371.0,365.0,1.0,0.0
1123,2019-06-08,DL,IAH,LGA,49.0,39.0,1.0,0.0
1124,2019-06-09,DL,IAH,LGA,81.0,62.0,1.0,0.0
1125,2019-06-09,DL,IAH,ATL,28.0,25.0,1.0,0.0
1126,2019-06-09,DL,IAH,ATL,70.0,53.0,1.0,0.0
1127,2019-06-09,DL,IAH,LGA,36.0,46.0,1.0,0.0
1128,2019-06-09,DL,IAH,ATL,59.0,47.0,1.0,0.0
1129,2019-06-10,DL,IAH,ATL,12.0,17.0,1.0,0.0
1130,2019-06-10,DL,IAH,LGA,987.0,974.0,1.0,0.0
1131,2019-06-10,DL,IAH,LGA,97.0,97.0,1.0,0.0
1132,2019-06-10,DL,IAH,LGA,3.0,18.0,1.0,0.0
1133,2019-06-11,DL,IAH,ATL,260.0,242.0,1.0,0.0
1134,2019-06-12,DL,IAH,LGA,73.0,42.0,1.0,0.0
1135,2019-06-13,DL,IAH,LGA,37.0,36.0,1.0,0.0
1136,2019-06-13,DL,IAH,LGA,83.0,42.0,1.0,0.0
1137,2019-06-13,DL,IAH,SLC,24.0,31.0,1.0,0.0
1138,2019-06-16,DL,IAH,ATL,13.0,52.0,1.0,3.0
1139,2019-06-16,DL,IAH,ATL,2.0,15.0,1.0,0.0
1140,2019-06-16,DL,IAH,SLC,46.0,66.0,1.0,7.0
1141,2019-06-16,DL,IAH,LGA,26.0,99.0,1.0,8.0
1142,2019-06-16,DL,IAH,ATL,280.0,335.0,1.0,0.0
1143,2019-06-16,DL,IAH,ATL,16.0,65.0,1.0,11.0
1144,2019-06-16,DL,IAH,LGA,112.0,137.0,1.0,2.0
1145,2019-06-16,DL,IAH,ATL,51.0,28.0,1.0,4.0
1146,2019-06-17,DL,IAH,LGA,10.0,25.0,1.0,0.0
1147,2019-06-17,DL,IAH,ATL,21.0,28.0,1.0,0.0
1148,2019-06-17,DL,IAH,LGA,37.0,50.0,1.0,0.0
1149,2019-06-17,DL,IAH,ATL,507.0,514.0,1.0,0.0
1150,2019-06-17,DL,IAH,ATL,32.0,23.0,1.0,0.0
1151,2019-06-17,DL,IAH,SLC,35.0,43.0,1.0,0.0
1152,2019-06-18,DL,IAH,LGA,119.0,144.0,1.0,0.0
1153,2019-06-18,DL,IAH,SLC,23.0,29.0,1.0,0.0
1154,2019-06-18,DL,IAH,ATL,23.0,17.0,1.0,0.0
1155,2019-06-18,DL,IAH,LGA,56.0,63.0,1.0,0.0
1156,2019-06-18,DL,IAH,LGA,28.0,42.0,1.0,0.0
1157,2019-06-19,DL,IAH,ATL,52.0,31.0,1.0,0.0
1158,2019-06-19,DL,IAH,LGA,0.0,33.0,1.0,0.0
1159,2019-06-19,DL,IAH,LGA,0.0,39.0,1.0,0.0
1160,2019-06-19,DL,IAH,LGA,0.0,40.0,1.0,0.0
1161,2019-06-19,DL,IAH,SLC,115.0,123.0,1.0,0.0
1162,2019-06-20,DL,IAH,ATL,324.0,326.0,1.0,0.0
1163,2019-06-20,DL,IAH,LGA,116.0,102.0,1.0,0.0
1164,2019-06-20,DL,IAH,SLC,16.0,17.0,1.0,0.0
1165,2019-06-20,DL,IAH,LGA,120.0,110.0,1.0,0.0
1166,2019-06-20,DL,IAH,LGA,199.0,210.0,1.0,0.0
1167,2019-06-20,DL,IAH,LGA,252.0,240.0,1.0,0.0
1168,2019-06-21,DL,IAH,LGA,37.0,34.0,1.0,0.0
1169,2019-06-21,DL,IAH,LGA,154.0,137.0,1.0,0.0
1170,2019-06-21,DL,IAH,LGA,20.0,22.0,1.0,0.0
1171,2019-06-22,DL,IAH,ATL,49.0,37.0,1.0,0.0
1172,2019-06-23,DL,IAH,LGA,10.0,39.0,1.0,4.0
1173,2019-06-23,DL,IAH,ATL,61.0,86.0,1.0,0.0
1174,2019-06-23,DL,IAH,ATL,60.0,69.0,1.0,0.0
1175,2019-06-23,DL,IAH,ATL,47.0,38.0,1.0,0.0
1176,2019-06-23,DL,IAH,ATL,7.0,72.0,1.0,0.0
1177,2019-06-23,DL,IAH,SLC,0.0,66.0,1.0,0.0
1178,2019-06-23,DL,IAH,ATL,18.0,65.0,1.0,0.0
1179,2019-06-24,DL,IAH,LGA,75.0,50.0,1.0,0.0
1180,2019-06-24,DL,IAH,LGA,55.0,32.0,1.0,0.0
1181,2019-06-24,DL,IAH,ATL,36.0,21.0,1.0,0.0
1182,2019-06-24,DL,IAH,ATL,21.0,49.0,1.0,0.0
1183,2019-06-24,DL,IAH,ATL,67.0,50.0,1.0,0.0
1184,2019-06-24,DL,IAH,ATL,80.0,85.0,1.0,80.0
1185,2019-06-24,DL,IAH,ATL,76.0,78.0,1.0,76.0
1186,2019-06-24,DL,IAH,SLC,170.0,182.0,1.0,0.0
1187,2019-06-24,DL,IAH,LGA,45.0,66.0,1.0,45.0
1188,2019-06-25,DL,IAH,SLC,56.0,52.0,1.0,0.0
1189,2019-06-25,DL,IAH,ATL,63.0,81.0,1.0,0.0
1190,2019-06-25,DL,IAH,ATL,6.0,20.0,1.0,0.0
1191,2019-06-25,DL,IAH,ATL,32.0,25.0,1.0,0.0
1192,2019-06-25,DL,IAH,ATL,467.0,465.0,1.0,0.0
1193,2019-06-25,DL,IAH,LGA,104.0,109.0,1.0,0.0
1194,2019-06-25,DL,IAH,LGA,141.0,122.0,1.0,0.0
1195,2019-06-25,DL,IAH,LGA,36.0,19.0,1.0,0.0
1196,2019-06-25,DL,IAH,LGA,195.0,162.0,1.0,0.0
1197,2019-06-25,DL,IAH,ATL,140.0,127.0,1.0,0.0
1198,2019-06-25,DL,IAH,ATL,134.0,128.0,1.0,0.0
1199,2019-06-26,DL,IAH,SLC,9.0,25.0,1.0,0.0
1200,2019-06-26,DL,IAH,LGA,67.0,51.0,1.0,0.0
1201,2019-06-26,DL,IAH,ATL,45.0,62.0,1.0,7.0
1202,2019-06-26,DL,IAH,LGA,0.0,45.0,1.0,0.0
1203,2019-06-26,DL,IAH,ATL,22.0,50.0,1.0,0.0
1204,2019-06-26,DL,IAH,ATL,61.0,50.0,1.0,0.0
1205,2019-06-27,DL,IAH,SLC,9.0,36.0,1.0,0.0
1206,2019-06-27,DL,IAH,LGA,0.0,26.0,1.0,0.0
1207,2019-06-27,DL,IAH,LGA,41.0,31.0,1.0,0.0
1208,2019-06-27,DL,IAH,ATL,34.0,22.0,1.0,0.0
1209,2019-06-27,DL,IAH,LGA,29.0,18.0,1.0,0.0
1210,2019-06-27,DL,IAH,LGA,15.0,28.0,1.0,0.0
1211,2019-06-27,DL,IAH,ATL,32.0,39.0,1.0,0.0
1212,2019-06-28,DL,IAH,SLC,135.0,145.0,1.0,0.0
1213,2019-06-28,DL,IAH,ATL,108.0,91.0,1.0,0.0
1214,2019-06-28,DL,IAH,LGA,43.0,45.0,1.0,0.0
1215,2019-06-28,DL,IAH,LGA,91.0,90.0,1.0,41.0
1216,2019-06-29,DL,IAH,SLC,77.0,105.0,1.0,0.0
1217,2019-06-29,DL,IAH,ATL,16.0,18.0,1.0,0.0
1218,2019-06-29,DL,IAH,ATL,26.0,19.0,1.0,0.0
1219,2019-06-29,DL,IAH,ATL,84.0,85.0,1.0,13.0
1220,2019-06-29,DL,IAH,ATL,48.0,106.0,1.0,0.0
1221,2019-06-29,DL,IAH,LGA,397.0,461.0,1.0,0.0
1222,2019-06-30,DL,IAH,ATL,74.0,73.0,1.0,0.0
1223,2019-06-30,DL,IAH,ATL,39.0,22.0,1.0,0.0
1224,2019-07-01,DL,IAH,LGA,248.0,232.0,1.0,0.0
1225,2019-07-02,DL,IAH,SLC,186.0,183.0,1.0,0.0
1226,2019-07-03,DL,IAH,ATL,40.0,24.0,1.0,0.0
1227,2019-07-03,DL,IAH,LGA,113.0,104.0,1.0,0.0
1228,2019-07-03,DL,IAH,SLC,36.0,31.0,1.0,0.0
1229,2019-07-03,DL,IAH,ATL,16.0,19.0,1.0,0.0
1230,2019-07-05,DL,IAH,ATL,67.0,60.0,1.0,0.0
1231,2019-07-06,DL,IAH,SLC,59.0,53.0,1.0,0.0
1232,2019-07-07,DL,IAH,SLC,35.0,38.0,1.0,0.0
1233,2019-07-07,DL,IAH,LGA,32.0,47.0,1.0,0.0
1234,2019-07-07,DL,IAH,ATL,83.0,113.0,1.0,0.0
1235,2019-07-08,DL,IAH,LGA,0.0,18.0,1.0,0.0
1236,2019-07-08,DL,IAH,LGA,174.0,154.0,1.0,0.0
1237,2019-07-08,DL,IAH,LGA,882.0,881.0,1.0,0.0
1238,2019-07-08,DL,IAH,ATL,45.0,42.0,1.0,0.0
1239,2019-07-08,DL,IAH,ATL,110.0,105.0,1.0,105.0
1240,2019-07-08,DL,IAH,SLC,180.0,189.0,1.0,152.0
1241,2019-07-11,DL,IAH,LGA,103.0,147.0,1.0,0.0
1242,2019-07-11,DL,IAH,ATL,27.0,41.0,1.0,0.0
1243,2019-07-11,DL,IAH,LGA,166.0,241.0,1.0,0.0
1244,2019-07-11,DL,IAH,LGA,241.0,248.0,1.0,0.0
1245,2019-07-11,DL,IAH,SLC,16.0,15.0,1.0,0.0
1246,2019-07-12,DL,IAH,LGA,0.0,19.0,1.0,0.0
1247,2019-07-12,DL,IAH,ATL,157.0,161.0,1.0,0.0
1248,2019-07-12,DL,IAH,SLC,14.0,21.0,1.0,0.0
1249,2019-07-12,DL,IAH,SLC,21.0,26.0,1.0,0.0
1250,2019-07-12,DL,IAH,LGA,74.0,76.0,1.0,0.0
1251,2019-07-12,DL,IAH,ATL,39.0,31.0,1.0,0.0
1252,2019-07-13,DL,IAH,LGA,6.0,20.0,1.0,0.0
1253,2019-07-13,DL,IAH,ATL,4.0,38.0,1.0,0.0
1254,2019-07-13,DL,IAH,ATL,182.0,176.0,1.0,0.0
1255,2019-07-13,DL,IAH,MSP,25.0,22.0,1.0,0.0
1256,2019-07-14,DL,IAH,ATL,10.0,22.0,1.0,0.0
1257,2019-07-14,DL,IAH,ATL,36.0,40.0,1.0,0.0
1258,2019-07-14,DL,IAH,LGA,48.0,45.0,1.0,0.0
1259,2019-07-14,DL,IAH,SLC,29.0,52.0,1.0,0.0
1260,2019-07-14,DL,IAH,MSP,17.0,23.0,1.0,0.0
1261,2019-07-14,DL,IAH,ATL,57.0,62.0,1.0,0.0
1262,2019-07-15,DL,IAH,SLC,62.0,68.0,1.0,0.0
1263,2019-07-15,DL,IAH,LGA,78.0,72.0,1.0,25.0
1264,2019-07-15,DL,IAH,ATL,142.0,129.0,1.0,0.0
1265,2019-07-15,DL,IAH,MSP,296.0,312.0,1.0,0.0
1266,2019-07-16,DL,IAH,SLC,65.0,47.0,1.0,0.0
1267,2019-07-16,DL,IAH,SLC,108.0,106.0,1.0,0.0
1268,2019-07-16,DL,IAH,MSP,97.0,101.0,1.0,0.0
1269,2019-07-17,DL,IAH,ATL,165.0,151.0,1.0,0.0
1270,2019-07-17,DL,IAH,ATL,42.0,38.0,1.0,0.0
1271,2019-07-17,DL,IAH,ATL,129.0,138.0,1.0,0.0
1272,2019-07-17,DL,IAH,ATL,31.0,41.0,1.0,8.0
1273,2019-07-17,DL,IAH,MSP,49.0,39.0,1.0,39.0
1274,2019-07-18,DL,IAH,LGA,0.0,20.0,1.0,0.0
1275,2019-07-18,DL,IAH,ATL,8.0,24.0,1.0,0.0
1276,2019-07-18,DL,IAH,ATL,99.0,86.0,1.0,0.0
1277,2019-07-18,DL,IAH,ATL,85.0,73.0,1.0,0.0
1278,2019-07-18,DL,IAH,ATL,107.0,111.0,1.0,0.0
1279,2019-07-18,DL,IAH,SLC,155.0,149.0,1.0,0.0
1280,2019-07-18,DL,IAH,SLC,34.0,27.0,1.0,0.0
1281,2019-07-18,DL,IAH,MSP,38.0,29.0,1.0,0.0
1282,2019-07-18,DL,IAH,LGA,48.0,31.0,1.0,0.0
1283,2019-07-18,DL,IAH,ATL,128.0,119.0,1.0,0.0
1284,2019-07-19,DL,IAH,LGA,137.0,135.0,1.0,0.0
1285,2019-07-19,DL,IAH,SLC,37.0,20.0,1.0,0.0
1286,2019-07-19,DL,IAH,SLC,83.0,84.0,1.0,0.0
1287,2019-07-19,DL,IAH,ATL,252.0,285.0,1.0,0.0
1288,2019-07-19,DL,IAH,ATL,1021.0,1019.0,1.0,0.0
1289,2019-07-19,DL,IAH,ATL,49.0,42.0,1.0,0.0
1290,2019-07-19,DL,IAH,ATL,100.0,105.0,1.0,0.0
1291,2019-07-19,DL,IAH,ATL,75.0,96.0,1.0,0.0
1292,2019-07-20,DL,IAH,MSP,5.0,27.0,1.0,0.0
1293,2019-07-20,DL,IAH,ATL,202.0,208.0,1.0,0.0
1294,2019-07-20,DL,IAH,ATL,30.0,38.0,1.0,0.0
1295,2019-07-20,DL,IAH,SLC,36.0,31.0,1.0,0.0
1296,2019-07-20,DL,IAH,ATL,23.0,35.0,1.0,0.0
1297,2019-07-20,DL,IAH,ATL,20.0,30.0,1.0,0.0
1298,2019-07-20,DL,IAH,ATL,26.0,27.0,1.0,0.0
1299,2019-07-21,DL,IAH,SLC,66.0,70.0,1.0,0.0
1300,2019-07-21,DL,IAH,LGA,11.0,115.0,1.0,0.0
1301,2019-07-21,DL,IAH,ATL,13.0,22.0,1.0,0.0
1302,2019-07-21,DL,IAH,ATL,39.0,34.0,1.0,0.0
1303,2019-07-22,DL,IAH,SLC,0.0,18.0,1.0,0.0
1304,2019-07-23,DL,IAH,ATL,78.0,54.0,1.0,0.0
1305,2019-07-23,DL,IAH,SLC,254.0,262.0,1.0,0.0
1306,2019-07-23,DL,IAH,SLC,174.0,195.0,1.0,0.0
1307,2019-07-23,DL,IAH,MSP,255.0,264.0,1.0,0.0
1308,2019-07-23,DL,IAH,LGA,19.0,54.0,1.0,0.0
1309,2019-07-23,DL,IAH,LGA,22.0,57.0,1.0,0.0
1310,2019-07-24,DL,IAH,SLC,0.0,29.0,1.0,0.0
1311,2019-07-24,DL,IAH,ATL,63.0,57.0,1.0,0.0
1312,2019-07-26,DL,IAH,SLC,5.0,24.0,1.0,0.0
1313,2019-07-27,DL,IAH,ATL,31.0,22.0,1.0,0.0
1314,2019-07-27,DL,IAH,MSP,127.0,153.0,1.0,0.0
1315,2019-07-28,DL,IAH,SLC,10.0,27.0,1.0,0.0
1316,2019-07-28,DL,IAH,ATL,65.0,60.0,1.0,0.0
1317,2019-07-28,DL,IAH,ATL,109.0,137.0,1.0,0.0
1318,2019-07-29,DL,IAH,SLC,28.0,16.0,1.0,0.0
1319,2019-07-29,DL,IAH,ATL,115.0,120.0,1.0,0.0
1320,2019-07-29,DL,IAH,LGA,36.0,48.0,1.0,0.0
1321,2019-07-29,DL,IAH,SLC,33.0,40.0,1.0,0.0
1322,2019-07-29,DL,IAH,SLC,65.0,65.0,1.0,0.0
1323,2019-07-30,DL,IAH,ATL,17.0,26.0,1.0,14.0
1324,2019-07-30,DL,IAH,LGA,904.0,901.0,1.0,0.0
1325,2019-07-30,DL,IAH,ATL,68.0,59.0,1.0,30.0
1326,2019-07-30,DL,IAH,SLC,181.0,192.0,1.0,0.0
1327,2019-07-30,DL,IAH,ATL,23.0,15.0,1.0,0.0
1328,2019-07-31,DL,IAH,MSP,17.0,38.0,1.0,0.0
1329,2019-07-31,DL,IAH,ATL,46.0,35.0,1.0,0.0
1330,2019-07-31,DL,IAH,LGA,121.0,117.0,1.0,0.0
1331,2019-07-31,DL,IAH,LGA,334.0,343.0,1.0,0.0
1332,2019-08-01,DL,IAH,SLC,56.0,59.0,1.0,0.0
1333,2019-08-01,DL,IAH,MSP,7.0,16.0,1.0,0.0
1334,2019-08-01,DL,IAH,ATL,107.0,100.0,1.0,0.0
1335,2019-08-01,DL,IAH,LGA,36.0,48.0,1.0,0.0
1336,2019-08-01,DL,IAH,ATL,40.0,37.0,1.0,0.0
1337,2019-08-01,DL,IAH,ATL,38.0,25.0,1.0,0.0
1338,2019-08-02,DL,IAH,LGA,49.0,62.0,1.0,0.0
1339,2019-08-02,DL,IAH,ATL,16.0,19.0,1.0,0.0
1340,2019-08-02,DL,IAH,ATL,37.0,37.0,1.0,0.0
1341,2019-08-02,DL,IAH,SLC,35.0,26.0,1.0,0.0
1342,2019-08-03,DL,IAH,MSP,2.0,21.0,1.0,0.0
1343,2019-08-03,DL,IAH,SLC,0.0,17.0,1.0,0.0
1344,2019-08-04,DL,IAH,ATL,121.0,110.0,1.0,0.0
1345,2019-08-04,DL,IAH,MSP,17.0,23.0,1.0,0.0
1346,2019-08-04,DL,IAH,ATL,35.0,26.0,1.0,0.0
1347,2019-08-04,DL,IAH,LGA,30.0,25.0,1.0,0.0
1348,2019-08-04,DL,IAH,LGA,0.0,34.0,1.0,0.0
1349,2019-08-04,DL,IAH,SLC,10.0,15.0,1.0,0.0
1350,2019-08-05,DL,IAH,ATL,24.0,26.0,1.0,0.0
1351,2019-08-05,DL,IAH,MSP,463.0,458.0,1.0,0.0
1352,2019-08-06,DL,IAH,SLC,18.0,15.0,1.0,0.0
1353,2019-08-06,DL,IAH,LGA,20.0,20.0,1.0,0.0
1354,2019-08-06,DL,IAH,MSP,20.0,40.0,1.0,0.0
1355,2019-08-06,DL,IAH,LGA,48.0,33.0,1.0,0.0
1356,2019-08-07,DL,IAH,LGA,52.0,30.0,1.0,0.0
1357,2019-08-07,DL,IAH,ATL,22.0,17.0,1.0,0.0
1358,2019-08-07,DL,IAH,SLC,78.0,78.0,1.0,0.0
1359,2019-08-08,DL,IAH,ATL,113.0,103.0,1.0,0.0
1360,2019-08-08,DL,IAH,LGA,73.0,87.0,1.0,0.0
1361,2019-08-08,DL,IAH,LGA,0.0,124.0,1.0,0.0
1362,2019-08-08,DL,IAH,SLC,76.0,79.0,1.0,0.0
1363,2019-08-09,DL,IAH,LGA,174.0,162.0,1.0,0.0
1364,2019-08-09,DL,IAH,LGA,2.0,17.0,1.0,0.0
1365,2019-08-09,DL,IAH,ATL,17.0,15.0,1.0,0.0
1366,2019-08-09,DL,IAH,SLC,19.0,16.0,1.0,0.0
1367,2019-08-10,DL,IAH,MSP,9.0,15.0,1.0,0.0
1368,2019-08-10,DL,IAH,LGA,24.0,19.0,1.0,0.0
1369,2019-08-11,DL,IAH,MSP,34.0,38.0,1.0,0.0
1370,2019-08-11,DL,IAH,LGA,10.0,18.0,1.0,0.0
1371,2019-08-11,DL,IAH,ATL,28.0,35.0,1.0,0.0
1372,2019-08-11,DL,IAH,SLC,26.0,16.0,1.0,0.0
1373,2019-08-13,DL,IAH,LGA,0.0,20.0,1.0,0.0
1374,2019-08-13,DL,IAH,LGA,28.0,46.0,1.0,0.0
1375,2019-08-13,DL,IAH,LGA,41.0,54.0,1.0,0.0
1376,2019-08-13,DL,IAH,MSP,0.0,65.0,1.0,0.0
1377,2019-08-14,DL,IAH,ATL,168.0,152.0,1.0,0.0
1378,2019-08-14,DL,IAH,LGA,52.0,25.0,1.0,0.0
1379,2019-08-14,DL,IAH,LGA,15.0,40.0,1.0,0.0
1380,2019-08-14,DL,IAH,SLC,24.0,64.0,1.0,24.0
1381,2019-08-14,DL,IAH,LGA,18.0,39.0,1.0,0.0
1382,2019-08-15,DL,IAH,SLC,43.0,50.0,1.0,0.0
1383,2019-08-15,DL,IAH,ATL,289.0,281.0,1.0,0.0
1384,2019-08-15,DL,IAH,LGA,8.0,37.0,1.0,0.0
1385,2019-08-15,DL,IAH,LGA,196.0,163.0,1.0,0.0
1386,2019-08-16,DL,IAH,SLC,54.0,75.0,1.0,0.0
1387,2019-08-17,DL,IAH,ATL,31.0,16.0,1.0,0.0
1388,2019-08-17,DL,IAH,ATL,32.0,17.0,1.0,0.0
1389,2019-08-17,DL,IAH,LGA,285.0,257.0,1.0,0.0
1390,2019-08-18,DL,IAH,LGA,17.0,15.0,1.0,0.0
1391,2019-08-18,DL,IAH,SLC,919.0,931.0,1.0,0.0
1392,2019-08-18,DL,IAH,SLC,79.0,80.0,1.0,0.0
1393,2019-08-18,DL,IAH,ATL,39.0,33.0,1.0,0.0
1394,2019-08-18,DL,IAH,LGA,0.0,112.0,1.0,0.0
1395,2019-08-18,DL,IAH,MSP,68.0,52.0,1.0,0.0
1396,2019-08-19,DL,IAH,SLC,55.0,53.0,1.0,0.0
1397,2019-08-19,DL,IAH,LGA,10.0,16.0,1.0,0.0
1398,2019-08-19,DL,IAH,MSP,31.0,41.0,1.0,0.0
1399,2019-08-19,DL,IAH,ATL,147.0,163.0,1.0,0.0
1400,2019-08-19,DL,IAH,LGA,54.0,97.0,1.0,0.0
1401,2019-08-19,DL,IAH,LGA,22.0,39.0,1.0,0.0
1402,2019-08-20,DL,IAH,ATL,31.0,31.0,1.0,0.0
1403,2019-08-20,DL,IAH,LGA,181.0,188.0,1.0,0.0
1404,2019-08-20,DL,IAH,LGA,33.0,39.0,1.0,0.0
1405,2019-08-20,DL,IAH,LGA,14.0,32.0,1.0,0.0
1406,2019-08-20,DL,IAH,SLC,0.0,16.0,1.0,0.0
1407,2019-08-21,DL,IAH,ATL,69.0,66.0,1.0,0.0
1408,2019-08-21,DL,IAH,LGA,31.0,79.0,1.0,0.0
1409,2019-08-21,DL,IAH,LGA,135.0,187.0,1.0,0.0
1410,2019-08-21,DL,IAH,MSP,63.0,47.0,1.0,0.0
1411,2019-08-21,DL,IAH,LGA,0.0,63.0,1.0,0.0
1412,2019-08-21,DL,IAH,ATL,33.0,27.0,1.0,0.0
1413,2019-08-22,DL,IAH,LGA,863.0,848.0,1.0,0.0
1414,2019-08-22,DL,IAH,ATL,210.0,191.0,1.0,0.0
1415,2019-08-22,DL,IAH,ATL,82.0,64.0,1.0,0.0
1416,2019-08-22,DL,IAH,LGA,36.0,42.0,1.0,0.0
1417,2019-08-23,DL,IAH,MSP,12.0,57.0,1.0,0.0
1418,2019-08-23,DL,IAH,ATL,21.0,25.0,1.0,0.0
1419,2019-08-23,DL,IAH,ATL,139.0,126.0,1.0,0.0
1420,2019-08-23,DL,IAH,ATL,7.0,21.0,1.0,0.0
1421,2019-08-23,DL,IAH,ATL,5.0,39.0,1.0,0.0
1422,2019-08-23,DL,IAH,SLC,0.0,16.0,1.0,0.0
1423,2019-08-23,DL,IAH,LGA,8.0,16.0,1.0,0.0
1424,2019-08-23,DL,IAH,SLC,39.0,61.0,1.0,0.0
1425,2019-08-23,DL,IAH,LGA,38.0,21.0,1.0,0.0
1426,2019-08-23,DL,IAH,ATL,62.0,55.0,1.0,0.0
1427,2019-08-23,DL,IAH,LGA,419.0,385.0,1.0,0.0
1428,2019-08-24,DL,IAH,SLC,67.0,59.0,1.0,0.0
1429,2019-08-24,DL,IAH,SLC,38.0,31.0,1.0,0.0
1430,2019-08-25,DL,IAH,LGA,0.0,31.0,1.0,0.0
1431,2019-08-25,DL,IAH,LGA,46.0,27.0,1.0,0.0
1432,2019-08-25,DL,IAH,ATL,37.0,24.0,1.0,24.0
1433,2019-08-25,DL,IAH,SLC,39.0,41.0,1.0,1.0
1434,2019-08-25,DL,IAH,ATL,37.0,34.0,1.0,0.0
1435,2019-08-25,DL,IAH,ATL,60.0,59.0,1.0,0.0
1436,2019-08-25,DL,IAH,SLC,70.0,67.0,1.0,0.0
1437,2019-08-25,DL,IAH,MSP,0.0,15.0,1.0,0.0
1438,2019-08-25,DL,IAH,ATL,7.0,32.0,1.0,0.0
1439,2019-08-25,DL,IAH,ATL,81.0,74.0,1.0,0.0
1440,2019-08-26,DL,IAH,MSP,604.0,606.0,1.0,0.0
1441,2019-08-26,DL,IAH,LGA,64.0,36.0,1.0,0.0
1442,2019-08-26,DL,IAH,SLC,73.0,84.0,1.0,0.0
1443,2019-08-27,DL,IAH,SLC,53.0,63.0,1.0,0.0
1444,2019-08-27,DL,IAH,SLC,94.0,111.0,1.0,0.0
1445,2019-08-27,DL,IAH,ATL,43.0,31.0,1.0,0.0
1446,2019-08-27,DL,IAH,SLC,455.0,443.0,1.0,0.0
1447,2019-08-28,DL,IAH,ATL,22.0,19.0,1.0,0.0
1448,2019-08-28,DL,IAH,LGA,57.0,35.0,1.0,0.0
1449,2019-08-28,DL,IAH,ATL,26.0,21.0,1.0,0.0
1450,2019-08-28,DL,IAH,LGA,30.0,15.0,1.0,0.0
1451,2019-08-28,DL,IAH,SLC,32.0,50.0,1.0,0.0
1452,2019-08-28,DL,IAH,ATL,26.0,36.0,1.0,0.0
1453,2019-08-29,DL,IAH,LGA,46.0,52.0,1.0,0.0
1454,2019-08-29,DL,IAH,ATL,88.0,87.0,1.0,0.0
1455,2019-08-29,DL,IAH,ATL,352.0,326.0,1.0,0.0
1456,2019-08-29,DL,IAH,LGA,16.0,16.0,1.0,16.0
1457,2019-08-29,DL,IAH,SLC,44.0,45.0,1.0,0.0
1458,2019-08-29,DL,IAH,ATL,21.0,18.0,1.0,0.0
1459,2019-08-30,DL,IAH,SLC,84.0,93.0,1.0,0.0
1460,2019-08-31,DL,IAH,LGA,145.0,122.0,1.0,0.0
1461,2019-09-01,DL,IAH,ATL,34.0,16.0,1.0,0.0
1462,2019-09-01,DL,IAH,SLC,73.0,87.0,1.0,0.0
1463,2019-09-02,DL,IAH,LGA,0.0,18.0,1.0,0.0
1464,2019-09-03,DL,IAH,SLC,85.0,68.0,1.0,0.0
1465,2019-09-04,DL,IAH,ATL,30.0,17.0,1.0,0.0
1466,2019-09-04,DL,IAH,LGA,74.0,77.0,1.0,0.0
1467,2019-09-05,DL,IAH,LGA,37.0,15.0,1.0,0.0
1468,2019-09-05,DL,IAH,MSP,444.0,437.0,1.0,0.0
1469,2019-09-06,DL,IAH,LGA,39.0,39.0,1.0,0.0
1470,2019-09-09,DL,IAH,ATL,40.0,26.0,1.0,0.0
1471,2019-09-09,DL,IAH,LGA,36.0,38.0,1.0,0.0
1472,2019-09-09,DL,IAH,SLC,20.0,19.0,1.0,0.0
1473,2019-09-10,DL,IAH,ATL,170.0,220.0,1.0,162.0
1474,2019-09-10,DL,IAH,ATL,92.0,99.0,1.0,0.0
1475,2019-09-10,DL,IAH,LGA,87.0,87.0,1.0,0.0
1476,2019-09-10,DL,IAH,LGA,55.0,60.0,1.0,0.0
1477,2019-09-10,DL,IAH,SLC,0.0,68.0,1.0,0.0
1478,2019-09-11,DL,IAH,LGA,0.0,16.0,1.0,0.0
1479,2019-09-11,DL,IAH,LGA,0.0,20.0,1.0,0.0
1480,2019-09-12,DL,IAH,ATL,165.0,160.0,1.0,0.0
1481,2019-09-12,DL,IAH,MSP,0.0,18.0,1.0,0.0
1482,2019-09-12,DL,IAH,ATL,32.0,28.0,1.0,0.0
1483,2019-09-12,DL,IAH,LGA,84.0,66.0,1.0,0.0
1484,2019-09-12,DL,IAH,LGA,155.0,156.0,1.0,0.0
1485,2019-09-13,DL,IAH,LGA,32.0,45.0,1.0,0.0
1486,2019-09-13,DL,IAH,ATL,40.0,29.0,1.0,0.0
1487,2019-09-14,DL,IAH,ATL,51.0,43.0,1.0,0.0
1488,2019-09-14,DL,IAH,LGA,48.0,29.0,1.0,0.0
1489,2019-09-15,DL,IAH,MSP,110.0,103.0,1.0,0.0
1490,2019-09-15,DL,IAH,LGA,148.0,129.0,1.0,0.0
1491,2019-09-16,DL,IAH,LGA,60.0,53.0,1.0,0.0
1492,2019-09-16,DL,IAH,SLC,42.0,41.0,1.0,0.0
1493,2019-09-16,DL,IAH,LGA,23.0,22.0,1.0,0.0
1494,2019-09-16,DL,IAH,ATL,33.0,21.0,1.0,0.0
1495,2019-09-16,DL,IAH,MSP,38.0,38.0,1.0,0.0
1496,2019-09-17,DL,IAH,LGA,19.0,39.0,1.0,0.0
1497,2019-09-17,DL,IAH,ATL,36.0,53.0,1.0,0.0
1498,2019-09-17,DL,IAH,LGA,22.0,59.0,1.0,0.0
1499,2019-09-17,DL,IAH,LGA,2.0,37.0,1.0,0.0
1500,2019-09-17,DL,IAH,SLC,37.0,40.0,1.0,0.0
1501,2019-09-18,DL,IAH,LGA,57.0,45.0,1.0,0.0
1502,2019-09-18,DL,IAH,SLC,52.0,46.0,1.0,0.0
1503,2019-09-18,DL,IAH,ATL,23.0,40.0,1.0,0.0
1504,2019-09-18,DL,IAH,LGA,90.0,80.0,1.0,0.0
1505,2019-09-18,DL,IAH,ATL,50.0,56.0,1.0,0.0
1506,2019-09-18,DL,IAH,MSP,48.0,62.0,1.0,0.0
1507,2019-09-18,DL,IAH,ATL,31.0,35.0,1.0,0.0
1508,2019-09-18,DL,IAH,ATL,44.0,81.0,1.0,0.0
1509,2019-09-18,DL,IAH,ATL,49.0,51.0,1.0,0.0
1510,2019-09-18,DL,IAH,LGA,43.0,71.0,1.0,0.0
1511,2019-09-19,DL,IAH,ATL,11.0,40.0,1.0,0.0
1512,2019-09-19,DL,IAH,LGA,0.0,18.0,1.0,0.0
1513,2019-09-20,DL,IAH,ATL,289.0,286.0,1.0,0.0
1514,2019-09-20,DL,IAH,LGA,31.0,25.0,1.0,0.0
1515,2019-09-20,DL,IAH,ATL,31.0,22.0,1.0,0.0
1516,2019-09-20,DL,IAH,LGA,221.0,229.0,1.0,0.0
1517,2019-09-20,DL,IAH,ATL,175.0,177.0,1.0,0.0
1518,2019-09-20,DL,IAH,LGA,18.0,15.0,1.0,0.0
1519,2019-09-20,DL,IAH,ATL,194.0,184.0,1.0,0.0
1520,2019-09-20,DL,IAH,LGA,25.0,22.0,1.0,16.0
1521,2019-09-20,DL,IAH,SLC,28.0,23.0,1.0,0.0
1522,2019-09-20,DL,IAH,ATL,77.0,72.0,1.0,0.0
1523,2019-09-21,DL,IAH,ATL,20.0,22.0,1.0,0.0
1524,2019-09-22,DL,IAH,ATL,79.0,66.0,1.0,0.0
1525,2019-09-24,DL,IAH,ATL,28.0,16.0,1.0,0.0
1526,2019-09-25,DL,IAH,LGA,400.0,398.0,1.0,0.0
1527,2019-09-26,DL,IAH,LGA,51.0,44.0,1.0,0.0
1528,2019-09-26,DL,IAH,SLC,538.0,529.0,1.0,0.0
1529,2019-09-26,DL,IAH,LGA,62.0,45.0,1.0,0.0
1530,2019-09-26,DL,IAH,ATL,40.0,25.0,1.0,0.0
1531,2019-09-27,DL,IAH,SLC,27.0,30.0,1.0,0.0
1532,2019-09-27,DL,IAH,MSP,260.0,274.0,1.0,0.0
1533,2019-09-27,DL,IAH,ATL,38.0,23.0,1.0,0.0
1534,2019-09-27,DL,IAH,DTW,134.0,139.0,1.0,0.0
1535,2019-09-27,DL,IAH,SLC,92.0,106.0,1.0,0.0
1536,2019-09-28,DL,IAH,LGA,202.0,205.0,1.0,0.0
1537,2019-09-29,DL,IAH,LGA,105.0,88.0,1.0,0.0
1538,2019-10-01,DL,IAH,ATL,21.0,30.0,1.0,0.0
1539,2019-10-01,DL,IAH,ATL,6.0,17.0,1.0,0.0
1540,2019-10-02,DL,IAH,SLC,171.0,145.0,1.0,0.0
1541,2019-10-02,DL,IAH,LGA,0.0,21.0,1.0,0.0
1542,2019-10-03,DL,IAH,LGA,18.0,59.0,1.0,0.0
1543,2019-10-03,DL,IAH,ATL,253.0,247.0,1.0,0.0
1544,2019-10-03,DL,IAH,ATL,17.0,23.0,1.0,0.0
1545,2019-10-03,DL,IAH,LGA,102.0,114.0,1.0,0.0
1546,2019-10-04,DL,IAH,ATL,49.0,40.0,1.0,0.0
1547,2019-10-04,DL,IAH,LGA,16.0,19.0,1.0,0.0
1548,2019-10-04,DL,IAH,LGA,25.0,39.0,1.0,0.0
1549,2019-10-04,DL,IAH,LGA,0.0,35.0,1.0,0.0
1550,2019-10-04,DL,IAH,LGA,75.0,75.0,1.0,0.0
1551,2019-10-05,DL,IAH,MSP,0.0,20.0,1.0,0.0
1552,2019-10-05,DL,IAH,ATL,170.0,165.0,1.0,0.0
1553,2019-10-05,DL,IAH,ATL,0.0,18.0,1.0,0.0
1554,2019-10-06,DL,IAH,MSP,143.0,136.0,1.0,0.0
1555,2019-10-06,DL,IAH,ATL,40.0,53.0,1.0,0.0
1556,2019-10-06,DL,IAH,LGA,84.0,82.0,1.0,0.0
1557,2019-10-07,DL,IAH,ATL,105.0,99.0,1.0,0.0
1558,2019-10-07,DL,IAH,ATL,49.0,54.0,1.0,0.0
1559,2019-10-07,DL,IAH,ATL,20.0,28.0,1.0,0.0
1560,2019-10-08,DL,IAH,LGA,996.0,978.0,1.0,0.0
1561,2019-10-09,DL,IAH,LGA,58.0,76.0,1.0,0.0
1562,2019-10-09,DL,IAH,LGA,26.0,40.0,1.0,0.0
1563,2019-10-09,DL,IAH,MSP,94.0,82.0,1.0,0.0
1564,2019-10-09,DL,IAH,LGA,58.0,64.0,1.0,0.0
1565,2019-10-09,DL,IAH,ATL,36.0,34.0,1.0,0.0
1566,2019-10-09,DL,IAH,LGA,79.0,100.0,1.0,0.0
1567,2019-10-09,DL,IAH,LGA,5.0,41.0,1.0,0.0
1568,2019-10-10,DL,IAH,LGA,0.0,15.0,1.0,0.0
1569,2019-10-10,DL,IAH,LGA,58.0,60.0,1.0,0.0
1570,2019-10-10,DL,IAH,LGA,63.0,53.0,1.0,0.0
1571,2019-10-10,DL,IAH,LGA,67.0,83.0,1.0,0.0
1572,2019-10-10,DL,IAH,LGA,38.0,31.0,1.0,0.0
1573,2019-10-10,DL,IAH,SLC,179.0,192.0,1.0,0.0
1574,2019-10-11,DL,IAH,MSP,82.0,67.0,1.0,0.0
1575,2019-10-11,DL,IAH,SLC,68.0,85.0,1.0,6.0
1576,2019-10-11,DL,IAH,LGA,40.0,60.0,1.0,14.0
1577,2019-10-11,DL,IAH,LGA,0.0,25.0,1.0,0.0
1578,2019-10-11,DL,IAH,ATL,93.0,111.0,1.0,0.0
1579,2019-10-11,DL,IAH,ATL,65.0,62.0,1.0,0.0
1580,2019-10-11,DL,IAH,LGA,56.0,44.0,1.0,0.0
1581,2019-10-11,DL,IAH,ATL,89.0,120.0,1.0,0.0
1582,2019-10-11,DL,IAH,LGA,27.0,84.0,1.0,0.0
1583,2019-10-11,DL,IAH,ATL,43.0,45.0,1.0,10.0
1584,2019-10-11,DL,IAH,SLC,157.0,161.0,1.0,0.0
1585,2019-10-12,DL,IAH,LGA,1.0,24.0,1.0,0.0
1586,2019-10-12,DL,IAH,SLC,76.0,75.0,1.0,0.0
1587,2019-10-13,DL,IAH,ATL,34.0,28.0,1.0,0.0
1588,2019-10-13,DL,IAH,SLC,5.0,23.0,1.0,0.0
1589,2019-10-13,DL,IAH,ATL,21.0,29.0,1.0,0.0
1590,2019-10-14,DL,IAH,SLC,47.0,31.0,1.0,0.0
1591,2019-10-14,DL,IAH,ATL,27.0,22.0,1.0,0.0
1592,2019-10-14,DL,IAH,SLC,18.0,19.0,1.0,0.0
1593,2019-10-14,DL,IAH,ATL,47.0,61.0,1.0,3.0
1594,2019-10-14,DL,IAH,ATL,23.0,46.0,1.0,8.0
1595,2019-10-14,DL,IAH,LGA,16.0,20.0,1.0,0.0
1596,2019-10-14,DL,IAH,ATL,27.0,39.0,1.0,0.0
1597,2019-10-15,DL,IAH,SLC,11.0,17.0,1.0,0.0
1598,2019-10-15,DL,IAH,ATL,18.0,18.0,1.0,0.0
1599,2019-10-15,DL,IAH,ATL,6.0,42.0,1.0,0.0
1600,2019-10-16,DL,IAH,LGA,44.0,51.0,1.0,0.0
1601,2019-10-16,DL,IAH,ATL,696.0,677.0,1.0,0.0
1602,2019-10-16,DL,IAH,MSP,34.0,49.0,1.0,0.0
1603,2019-10-16,DL,IAH,ATL,55.0,92.0,1.0,0.0
1604,2019-10-16,DL,IAH,SLC,8.0,16.0,1.0,8.0
1605,2019-10-16,DL,IAH,ATL,9.0,36.0,1.0,0.0
1606,2019-10-16,DL,IAH,LGA,20.0,49.0,1.0,0.0
1607,2019-10-16,DL,IAH,ATL,173.0,177.0,1.0,3.0
1608,2019-10-16,DL,IAH,SLC,51.0,34.0,1.0,0.0
1609,2019-10-17,DL,IAH,LGA,100.0,86.0,1.0,0.0
1610,2019-10-17,DL,IAH,ATL,77.0,66.0,1.0,0.0
1611,2019-10-17,DL,IAH,LGA,128.0,132.0,1.0,0.0
1612,2019-10-17,DL,IAH,SLC,51.0,44.0,1.0,0.0
1613,2019-10-17,DL,IAH,MSP,26.0,35.0,1.0,0.0
1614,2019-10-17,DL,IAH,LGA,28.0,46.0,1.0,0.0
1615,2019-10-17,DL,IAH,LGA,52.0,78.0,1.0,0.0
1616,2019-10-17,DL,IAH,SLC,54.0,32.0,1.0,0.0
1617,2019-10-17,DL,IAH,ATL,9.0,18.0,1.0,0.0
1618,2019-10-18,DL,IAH,MSP,221.0,211.0,1.0,0.0
1619,2019-10-18,DL,IAH,LGA,61.0,65.0,1.0,0.0
1620,2019-10-18,DL,IAH,ATL,49.0,66.0,1.0,0.0
1621,2019-10-18,DL,IAH,LGA,30.0,24.0,1.0,0.0
1622,2019-10-18,DL,IAH,ATL,22.0,30.0,1.0,0.0
1623,2019-10-18,DL,IAH,ATL,0.0,18.0,1.0,0.0
1624,2019-10-18,DL,IAH,LGA,9.0,35.0,1.0,0.0
1625,2019-10-19,DL,IAH,ATL,39.0,47.0,1.0,0.0
1626,2019-10-19,DL,IAH,ATL,0.0,17.0,1.0,0.0
1627,2019-10-19,DL,IAH,ATL,0.0,24.0,1.0,0.0
1628,2019-10-20,DL,IAH,LGA,130.0,109.0,1.0,0.0
1629,2019-10-20,DL,IAH,ATL,28.0,16.0,1.0,0.0
1630,2019-10-20,DL,IAH,ATL,37.0,24.0,1.0,0.0
1631,2019-10-20,DL,IAH,SLC,1011.0,1021.0,1.0,0.0
1632,2019-10-20,DL,IAH,ATL,60.0,58.0,1.0,0.0
1633,2019-10-21,DL,IAH,SLC,133.0,135.0,1.0,0.0
1634,2019-10-21,DL,IAH,MSP,277.0,285.0,1.0,0.0
1635,2019-10-21,DL,IAH,LGA,86.0,66.0,1.0,0.0
1636,2019-10-21,DL,IAH,ATL,123.0,117.0,1.0,0.0
1637,2019-10-21,DL,IAH,LGA,73.0,50.0,1.0,0.0
1638,2019-10-21,DL,IAH,SLC,8.0,32.0,1.0,0.0
1639,2019-10-21,DL,IAH,ATL,171.0,162.0,1.0,0.0
1640,2019-10-21,DL,IAH,SLC,75.0,90.0,1.0,0.0
1641,2019-10-21,DL,IAH,ATL,162.0,161.0,1.0,0.0
1642,2019-10-21,DL,IAH,ATL,24.0,31.0,1.0,0.0
1643,2019-10-21,DL,IAH,LGA,372.0,373.0,1.0,0.0
1644,2019-10-21,DL,IAH,ATL,42.0,25.0,1.0,0.0
1645,2019-10-21,DL,IAH,LGA,38.0,51.0,1.0,0.0
1646,2019-10-21,DL,IAH,LGA,79.0,47.0,1.0,0.0
1647,2019-10-21,DL,IAH,ATL,92.0,84.0,1.0,0.0
1648,2019-10-22,DL,IAH,LGA,87.0,63.0,1.0,0.0
1649,2019-10-22,DL,IAH,LGA,55.0,50.0,1.0,0.0
1650,2019-10-22,DL,IAH,ATL,35.0,25.0,1.0,0.0
1651,2019-10-22,DL,IAH,ATL,24.0,23.0,1.0,0.0
1652,2019-10-22,DL,IAH,MSP,2.0,32.0,1.0,0.0
1653,2019-10-22,DL,IAH,SLC,54.0,49.0,1.0,0.0
1654,2019-10-23,DL,IAH,SLC,258.0,286.0,1.0,0.0
1655,2019-10-24,DL,IAH,ATL,17.0,19.0,1.0,0.0
1656,2019-10-24,DL,IAH,ATL,32.0,22.0,1.0,0.0
1657,2019-10-24,DL,IAH,ATL,29.0,30.0,1.0,0.0
1658,2019-10-24,DL,IAH,ATL,45.0,43.0,1.0,0.0
1659,2019-10-24,DL,IAH,SLC,238.0,228.0,1.0,0.0
1660,2019-10-24,DL,IAH,ATL,25.0,22.0,1.0,0.0
1661,2019-10-24,DL,IAH,SLC,59.0,66.0,1.0,0.0
1662,2019-10-25,DL,IAH,SLC,0.0,18.0,1.0,0.0
1663,2019-10-25,DL,IAH,MSP,37.0,30.0,1.0,0.0
1664,2019-10-25,DL,IAH,SLC,58.0,43.0,1.0,0.0
1665,2019-10-25,DL,IAH,LGA,18.0,41.0,1.0,0.0
1666,2019-10-25,DL,IAH,ATL,7.0,16.0,1.0,0.0
1667,2019-10-25,DL,IAH,ATL,23.0,26.0,1.0,0.0
1668,2019-10-26,DL,IAH,ATL,46.0,31.0,1.0,0.0
1669,2019-10-26,DL,IAH,ATL,65.0,58.0,1.0,0.0
1670,2019-10-27,DL,IAH,JFK,60.0,42.0,1.0,0.0
1671,2019-10-27,DL,IAH,ATL,59.0,51.0,1.0,0.0
1672,2019-10-28,DL,IAH,SLC,85.0,97.0,1.0,0.0
1673,2019-10-28,DL,IAH,ATL,34.0,30.0,1.0,0.0
1674,2019-10-28,DL,IAH,ATL,371.0,343.0,1.0,0.0
1675,2019-10-28,DL,IAH,SLC,37.0,35.0,1.0,0.0
1676,2019-10-28,DL,IAH,ATL,33.0,30.0,1.0,0.0
1677,2019-10-29,DL,IAH,JFK,35.0,24.0,1.0,24.0
1678,2019-10-29,DL,IAH,ATL,28.0,26.0,1.0,0.0
1679,2019-10-29,DL,IAH,ATL,107.0,108.0,1.0,2.0
1680,2019-10-29,DL,IAH,ATL,205.0,209.0,1.0,17.0
1681,2019-10-29,DL,IAH,ATL,153.0,139.0,1.0,0.0
1682,2019-10-29,DL,IAH,SLC,41.0,45.0,1.0,12.0
1683,2019-10-29,DL,IAH,MSP,147.0,119.0,1.0,2.0
1684,2019-10-29,DL,IAH,LGA,7.0,32.0,1.0,0.0
1685,2019-10-29,DL,IAH,ATL,26.0,24.0,1.0,2.0
1686,2019-10-30,DL,IAH,SLC,0.0,43.0,1.0,0.0
1687,2019-10-30,DL,IAH,ATL,1.0,16.0,1.0,0.0
1688,2019-10-30,DL,IAH,ATL,62.0,142.0,1.0,0.0
1689,2019-10-30,DL,IAH,LGA,5.0,50.0,1.0,0.0
1690,2019-10-30,DL,IAH,ATL,37.0,38.0,1.0,0.0
1691,2019-10-30,DL,IAH,ATL,1.0,64.0,1.0,0.0
1692,2019-10-30,DL,IAH,JFK,40.0,69.0,1.0,0.0
1693,2019-10-31,DL,IAH,ATL,100.0,97.0,1.0,0.0
1694,2019-10-31,DL,IAH,ATL,105.0,121.0,1.0,0.0
1695,2019-10-31,DL,IAH,ATL,54.0,37.0,1.0,0.0
1696,2019-10-31,DL,IAH,SLC,14.0,25.0,1.0,0.0
1697,2019-10-31,DL,IAH,JFK,23.0,41.0,1.0,0.0
1698,2019-10-31,DL,IAH,LGA,0.0,34.0,1.0,0.0
1699,2019-11-01,DL,IAH,SLC,0.0,15.0,1.0,0.0
1700,2019-11-04,DL,IAH,ATL,48.0,35.0,1.0,0.0
1701,2019-11-04,DL,IAH,SLC,214.0,209.0,1.0,0.0
1702,2019-11-04,DL,IAH,MSP,82.0,66.0,1.0,0.0
1703,2019-11-05,DL,IAH,LGA,139.0,117.0,1.0,0.0
1704,2019-11-05,DL,IAH,LGA,64.0,45.0,1.0,0.0
1705,2019-11-05,DL,IAH,MSP,49.0,33.0,1.0,0.0
1706,2019-11-05,DL,IAH,ATL,14.0,29.0,1.0,0.0
1707,2019-11-05,DL,IAH,SLC,39.0,19.0,1.0,0.0
1708,2019-11-05,DL,IAH,ATL,364.0,351.0,1.0,0.0
1709,2019-11-05,DL,IAH,DTW,83.0,67.0,1.0,0.0
1710,2019-11-05,DL,IAH,ATL,54.0,38.0,1.0,0.0
1711,2019-11-06,DL,IAH,MSP,137.0,134.0,1.0,0.0
1712,2019-11-06,DL,IAH,JFK,272.0,250.0,1.0,0.0
1713,2019-11-06,DL,IAH,LGA,47.0,33.0,1.0,0.0
1714,2019-11-07,DL,IAH,LGA,53.0,45.0,1.0,0.0
1715,2019-11-07,DL,IAH,LGA,110.0,110.0,1.0,0.0
1716,2019-11-07,DL,IAH,ATL,0.0,21.0,1.0,0.0
1717,2019-11-07,DL,IAH,ATL,29.0,59.0,1.0,0.0
1718,2019-11-07,DL,IAH,SLC,96.0,91.0,1.0,0.0
1719,2019-11-07,DL,IAH,JFK,33.0,74.0,1.0,0.0
1720,2019-11-07,DL,IAH,LGA,41.0,34.0,1.0,5.0
1721,2019-11-07,DL,IAH,JFK,110.0,112.0,1.0,0.0
1722,2019-11-07,DL,IAH,SLC,5.0,32.0,1.0,0.0
1723,2019-11-07,DL,IAH,MSP,19.0,38.0,1.0,0.0
1724,2019-11-08,DL,IAH,ATL,12.0,27.0,1.0,0.0
1725,2019-11-08,DL,IAH,SLC,9.0,26.0,1.0,0.0
1726,2019-11-08,DL,IAH,ATL,65.0,68.0,1.0,0.0
1727,2019-11-08,DL,IAH,JFK,30.0,34.0,1.0,0.0
1728,2019-11-08,DL,IAH,LGA,230.0,230.0,1.0,0.0
1729,2019-11-08,DL,IAH,JFK,14.0,18.0,1.0,0.0
1730,2019-11-08,DL,IAH,LGA,20.0,25.0,1.0,0.0
1731,2019-11-09,DL,IAH,ATL,38.0,22.0,1.0,0.0
1732,2019-11-09,DL,IAH,ATL,22.0,24.0,1.0,0.0
1733,2019-11-09,DL,IAH,LGA,152.0,139.0,1.0,0.0
1734,2019-11-10,DL,IAH,ATL,62.0,62.0,1.0,0.0
1735,2019-11-11,DL,IAH,JFK,42.0,48.0,1.0,0.0
1736,2019-11-11,DL,IAH,SLC,0.0,22.0,1.0,0.0
1737,2019-11-12,DL,IAH,ATL,22.0,20.0,1.0,0.0
1738,2019-11-12,DL,IAH,LGA,29.0,29.0,1.0,0.0
1739,2019-11-12,DL,IAH,LGA,0.0,16.0,1.0,0.0
1740,2019-11-12,DL,IAH,MSP,155.0,196.0,1.0,0.0
1741,2019-11-12,DL,IAH,SLC,106.0,91.0,1.0,0.0
1742,2019-11-13,DL,IAH,SLC,88.0,98.0,1.0,0.0
1743,2019-11-14,DL,IAH,ATL,0.0,22.0,1.0,0.0
1744,2019-11-15,DL,IAH,ATL,6.0,16.0,1.0,0.0
1745,2019-11-15,DL,IAH,JFK,33.0,34.0,1.0,0.0
1746,2019-11-15,DL,IAH,SLC,31.0,22.0,1.0,0.0
1747,2019-11-16,DL,IAH,SLC,214.0,196.0,1.0,0.0
1748,2019-11-16,DL,IAH,LGA,24.0,23.0,1.0,0.0
1749,2019-11-17,DL,IAH,SLC,205.0,190.0,1.0,0.0
1750,2019-11-17,DL,IAH,MSP,172.0,179.0,1.0,0.0
1751,2019-11-17,DL,IAH,SLC,151.0,147.0,1.0,0.0
1752,2019-11-18,DL,IAH,MSP,17.0,19.0,1.0,0.0
1753,2019-11-18,DL,IAH,LGA,586.0,642.0,1.0,0.0
1754,2019-11-18,DL,IAH,LGA,47.0,48.0,1.0,0.0
1755,2019-11-18,DL,IAH,LGA,134.0,108.0,1.0,0.0
1756,2019-11-18,DL,IAH,LGA,88.0,76.0,1.0,0.0
1757,2019-11-18,DL,IAH,ATL,37.0,26.0,1.0,0.0
1758,2019-11-18,DL,IAH,LGA,208.0,186.0,1.0,0.0
1759,2019-11-19,DL,IAH,LGA,22.0,15.0,1.0,0.0
1760,2019-11-20,DL,IAH,LGA,24.0,36.0,1.0,0.0
1761,2019-11-20,DL,IAH,JFK,21.0,34.0,1.0,0.0
1762,2019-11-21,DL,IAH,ATL,48.0,30.0,1.0,0.0
1763,2019-11-21,DL,IAH,SLC,162.0,139.0,1.0,0.0
1764,2019-11-21,DL,IAH,JFK,44.0,41.0,1.0,0.0
1765,2019-11-21,DL,IAH,ATL,22.0,24.0,1.0,0.0
1766,2019-11-21,DL,IAH,ATL,71.0,57.0,1.0,0.0
1767,2019-11-22,DL,IAH,JFK,48.0,35.0,1.0,0.0
1768,2019-11-22,DL,IAH,SLC,2.0,16.0,1.0,0.0
1769,2019-11-22,DL,IAH,SLC,23.0,18.0,1.0,0.0
1770,2019-11-22,DL,IAH,ATL,59.0,96.0,1.0,0.0
1771,2019-11-22,DL,IAH,ATL,73.0,69.0,1.0,0.0
1772,2019-11-23,DL,IAH,ATL,9.0,25.0,1.0,0.0
1773,2019-11-24,DL,IAH,MSP,33.0,26.0,1.0,0.0
1774,2019-11-24,DL,IAH,JFK,60.0,58.0,1.0,0.0
1775,2019-11-25,DL,IAH,MSP,9.0,19.0,1.0,0.0
1776,2019-11-26,DL,IAH,SLC,15.0,15.0,1.0,0.0
1777,2019-11-26,DL,IAH,JFK,30.0,17.0,1.0,0.0
1778,2019-11-27,DL,IAH,ATL,49.0,42.0,1.0,0.0
1779,2019-11-27,DL,IAH,SLC,53.0,38.0,1.0,0.0
1780,2019-11-27,DL,IAH,JFK,80.0,55.0,1.0,0.0
1781,2019-11-27,DL,IAH,MSP,18.0,15.0,1.0,0.0
1782,2019-11-27,DL,IAH,SLC,46.0,41.0,1.0,0.0
1783,2019-11-27,DL,IAH,LGA,61.0,44.0,1.0,0.0
1784,2019-11-27,DL,IAH,JFK,21.0,25.0,1.0,0.0
1785,2019-11-29,DL,IAH,SLC,1.0,20.0,1.0,0.0
1786,2019-11-30,DL,IAH,JFK,39.0,19.0,1.0,0.0
1787,2019-11-30,DL,IAH,SLC,116.0,114.0,1.0,0.0
1788,2019-11-30,DL,IAH,JFK,31.0,24.0,1.0,0.0
1789,2019-11-30,DL,IAH,MSP,13.0,28.0,1.0,0.0
1790,2019-12-01,DL,IAH,LGA,0.0,16.0,1.0,0.0
1791,2019-12-01,DL,IAH,LGA,76.0,81.0,1.0,0.0
1792,2019-12-01,DL,IAH,SLC,4.0,22.0,1.0,0.0
1793,2019-12-01,DL,IAH,SLC,24.0,19.0,1.0,0.0
1794,2019-12-01,DL,IAH,LGA,89.0,83.0,1.0,0.0
1795,2019-12-01,DL,IAH,JFK,11.0,35.0,1.0,0.0
1796,2019-12-01,DL,IAH,LGA,2.0,15.0,1.0,0.0
1797,2019-12-02,DL,IAH,LGA,58.0,69.0,1.0,0.0
1798,2019-12-02,DL,IAH,SLC,136.0,134.0,1.0,0.0
1799,2019-12-02,DL,IAH,JFK,0.0,48.0,1.0,0.0
1800,2019-12-02,DL,IAH,LGA,76.0,73.0,1.0,0.0
1801,2019-12-02,DL,IAH,JFK,0.0,56.0,1.0,0.0
1802,2019-12-02,DL,IAH,MSP,53.0,52.0,1.0,0.0
1803,2019-12-02,DL,IAH,SLC,23.0,25.0,1.0,0.0
1804,2019-12-02,DL,IAH,ATL,22.0,28.0,1.0,0.0
1805,2019-12-02,DL,IAH,LGA,105.0,126.0,1.0,0.0
1806,2019-12-03,DL,IAH,SLC,121.0,123.0,1.0,0.0
1807,2019-12-03,DL,IAH,ATL,8.0,33.0,1.0,0.0
1808,2019-12-03,DL,IAH,MSP,9.0,22.0,1.0,0.0
1809,2019-12-04,DL,IAH,JFK,18.0,23.0,1.0,0.0
1810,2019-12-04,DL,IAH,SLC,43.0,56.0,1.0,0.0
1811,2019-12-04,DL,IAH,ATL,31.0,39.0,1.0,0.0
1812,2019-12-04,DL,IAH,MSP,138.0,135.0,1.0,0.0
1813,2019-12-04,DL,IAH,JFK,142.0,128.0,1.0,0.0
1814,2019-12-04,DL,IAH,DTW,53.0,44.0,1.0,0.0
1815,2019-12-05,DL,IAH,ATL,31.0,21.0,1.0,0.0
1816,2019-12-05,DL,IAH,SLC,77.0,87.0,1.0,0.0
1817,2019-12-06,DL,IAH,MSP,20.0,23.0,1.0,0.0
1818,2019-12-06,DL,IAH,SLC,46.0,47.0,1.0,0.0
1819,2019-12-06,DL,IAH,JFK,15.0,27.0,1.0,0.0
1820,2019-12-06,DL,IAH,LGA,28.0,25.0,1.0,0.0
1821,2019-12-06,DL,IAH,ATL,41.0,26.0,1.0,0.0
1822,2019-12-06,DL,IAH,SLC,0.0,15.0,1.0,0.0
1823,2019-12-08,DL,IAH,JFK,65.0,59.0,1.0,0.0
1824,2019-12-08,DL,IAH,SLC,11.0,16.0,1.0,0.0
1825,2019-12-08,DL,IAH,ATL,72.0,59.0,1.0,0.0
1826,2019-12-09,DL,IAH,LGA,66.0,72.0,1.0,0.0
1827,2019-12-09,DL,IAH,LGA,70.0,65.0,1.0,0.0
1828,2019-12-09,DL,IAH,SLC,147.0,131.0,1.0,0.0
1829,2019-12-09,DL,IAH,SLC,24.0,19.0,1.0,0.0
1830,2019-12-09,DL,IAH,LGA,129.0,158.0,1.0,0.0
1831,2019-12-09,DL,IAH,JFK,12.0,19.0,1.0,0.0
1832,2019-12-09,DL,IAH,LGA,26.0,76.0,1.0,0.0
1833,2019-12-10,DL,IAH,LGA,44.0,51.0,1.0,0.0
1834,2019-12-10,DL,IAH,ATL,34.0,74.0,1.0,0.0
1835,2019-12-10,DL,IAH,ATL,22.0,33.0,1.0,0.0
1836,2019-12-10,DL,IAH,SLC,622.0,609.0,1.0,0.0
1837,2019-12-10,DL,IAH,SLC,60.0,61.0,1.0,0.0
1838,2019-12-11,DL,IAH,JFK,46.0,48.0,1.0,0.0
1839,2019-12-11,DL,IAH,ATL,38.0,22.0,1.0,0.0
1840,2019-12-11,DL,IAH,SLC,24.0,15.0,1.0,0.0
1841,2019-12-11,DL,IAH,LGA,36.0,33.0,1.0,0.0
1842,2019-12-11,DL,IAH,JFK,18.0,29.0,1.0,0.0
1843,2019-12-11,DL,IAH,LGA,238.0,232.0,1.0,0.0
1844,2019-12-11,DL,IAH,LGA,304.0,316.0,1.0,0.0
1845,2019-12-11,DL,IAH,LGA,65.0,75.0,1.0,0.0
1846,2019-12-11,DL,IAH,LGA,41.0,31.0,1.0,0.0
1847,2019-12-12,DL,IAH,SLC,172.0,179.0,1.0,0.0
1848,2019-12-12,DL,IAH,MSP,0.0,22.0,1.0,0.0
1849,2019-12-12,DL,IAH,JFK,113.0,125.0,1.0,0.0
1850,2019-12-13,DL,IAH,JFK,9.0,18.0,1.0,0.0
1851,2019-12-13,DL,IAH,JFK,81.0,80.0,1.0,0.0
1852,2019-12-13,DL,IAH,MSP,75.0,82.0,1.0,0.0
1853,2019-12-13,DL,IAH,LGA,38.0,48.0,1.0,0.0
1854,2019-12-13,DL,IAH,SLC,195.0,217.0,1.0,0.0
1855,2019-12-13,DL,IAH,SLC,0.0,34.0,1.0,0.0
1856,2019-12-13,DL,IAH,SLC,39.0,53.0,1.0,0.0
1857,2019-12-13,DL,IAH,ATL,32.0,23.0,1.0,0.0
1858,2019-12-13,DL,IAH,LGA,144.0,161.0,1.0,0.0
1859,2019-12-14,DL,IAH,JFK,0.0,27.0,1.0,0.0
1860,2019-12-14,DL,IAH,SLC,0.0,28.0,1.0,0.0
1861,2019-12-15,DL,IAH,LGA,24.0,19.0,1.0,0.0
1862,2019-12-15,DL,IAH,JFK,34.0,24.0,1.0,0.0
1863,2019-12-15,DL,IAH,LGA,49.0,41.0,1.0,0.0
1864,2019-12-16,DL,IAH,ATL,38.0,27.0,1.0,0.0
1865,2019-12-16,DL,IAH,SLC,61.0,65.0,1.0,0.0
1866,2019-12-16,DL,IAH,SLC,37.0,37.0,1.0,0.0
1867,2019-12-16,DL,IAH,ATL,50.0,138.0,1.0,0.0
1868,2019-12-16,DL,IAH,ATL,47.0,56.0,1.0,0.0
1869,2019-12-16,DL,IAH,ATL,311.0,312.0,1.0,0.0
1870,2019-12-16,DL,IAH,LGA,95.0,82.0,1.0,0.0
1871,2019-12-16,DL,IAH,ATL,82.0,85.0,1.0,70.0
1872,2019-12-16,DL,IAH,LGA,38.0,29.0,1.0,0.0
1873,2019-12-16,DL,IAH,LGA,0.0,29.0,1.0,0.0
1874,2019-12-16,DL,IAH,JFK,0.0,20.0,1.0,0.0
1875,2019-12-16,DL,IAH,ATL,12.0,36.0,1.0,0.0
1876,2019-12-17,DL,IAH,LGA,25.0,18.0,1.0,0.0
1877,2019-12-17,DL,IAH,ATL,82.0,79.0,1.0,0.0
1878,2019-12-17,DL,IAH,ATL,33.0,32.0,1.0,0.0
1879,2019-12-17,DL,IAH,LGA,44.0,21.0,1.0,0.0
1880,2019-12-17,DL,IAH,SLC,338.0,318.0,1.0,0.0
1881,2019-12-17,DL,IAH,LGA,8.0,18.0,1.0,0.0
1882,2019-12-17,DL,IAH,ATL,60.0,35.0,1.0,0.0
1883,2019-12-17,DL,IAH,LGA,50.0,38.0,1.0,0.0
1884,2019-12-18,DL,IAH,LGA,281.0,257.0,1.0,0.0
1885,2019-12-18,DL,IAH,JFK,21.0,20.0,1.0,0.0
1886,2019-12-18,DL,IAH,SLC,53.0,30.0,1.0,0.0
1887,2019-12-18,DL,IAH,JFK,21.0,15.0,1.0,0.0
1888,2019-12-18,DL,IAH,SLC,12.0,19.0,1.0,0.0
1889,2019-12-18,DL,IAH,LGA,91.0,112.0,1.0,0.0
1890,2019-12-18,DL,IAH,LGA,0.0,37.0,1.0,0.0
1891,2019-12-18,DL,IAH,MSP,23.0,29.0,1.0,0.0
1892,2019-12-19,DL,IAH,SLC,312.0,293.0,1.0,0.0
1893,2019-12-19,DL,IAH,ATL,15.0,20.0,1.0,0.0
1894,2019-12-19,DL,IAH,LGA,1.0,18.0,1.0,0.0
1895,2019-12-19,DL,IAH,LGA,0.0,15.0,1.0,0.0
1896,2019-12-19,DL,IAH,ATL,18.0,20.0,1.0,0.0
1897,2019-12-19,DL,IAH,JFK,15.0,20.0,1.0,0.0
1898,2019-12-21,DL,IAH,MSP,99.0,101.0,1.0,0.0
1899,2019-12-22,DL,IAH,LGA,0.0,15.0,1.0,0.0
1900,2019-12-22,DL,IAH,ATL,0.0,23.0,1.0,0.0
1901,2019-12-22,DL,IAH,JFK,69.0,80.0,1.0,0.0
1902,2019-12-23,DL,IAH,ATL,15.0,16.0,1.0,0.0
1903,2019-12-23,DL,IAH,JFK,0.0,18.0,1.0,0.0
1904,2019-12-23,DL,IAH,JFK,3.0,33.0,1.0,0.0
1905,2019-12-23,DL,IAH,LGA,3.0,24.0,1.0,0.0
1906,2019-12-23,DL,IAH,ATL,18.0,16.0,1.0,0.0
1907,2019-12-23,DL,IAH,LGA,0.0,34.0,1.0,0.0
1908,2019-12-24,DL,IAH,SLC,37.0,18.0,1.0,0.0
1909,2019-12-26,DL,IAH,LGA,125.0,113.0,1.0,0.0
1910,2019-12-26,DL,IAH,SLC,50.0,38.0,1.0,0.0
1911,2019-12-26,DL,IAH,MSP,33.0,26.0,1.0,0.0
1912,2019-12-26,DL,IAH,ATL,71.0,60.0,1.0,0.0
1913,2019-12-26,DL,IAH,ATL,50.0,33.0,1.0,0.0
1914,2019-12-27,DL,IAH,ATL,54.0,56.0,1.0,0.0
1915,2019-12-27,DL,IAH,LGA,87.0,87.0,1.0,0.0
1916,2019-12-27,DL,IAH,JFK,16.0,27.0,1.0,0.0
1917,2019-12-28,DL,IAH,ATL,39.0,21.0,1.0,0.0
1918,2019-12-28,DL,IAH,MSP,97.0,74.0,1.0,0.0
1919,2019-12-28,DL,IAH,JFK,36.0,34.0,1.0,5.0
1920,2019-12-28,DL,IAH,SLC,576.0,564.0,1.0,8.0
1921,2019-12-29,DL,IAH,SLC,43.0,37.0,1.0,37.0
1922,2019-12-29,DL,IAH,ATL,0.0,21.0,1.0,0.0
1923,2019-12-29,DL,IAH,ATL,96.0,95.0,1.0,0.0
1924,2019-12-29,DL,IAH,SLC,97.0,109.0,1.0,0.0
1925,2019-12-29,DL,IAH,ATL,37.0,31.0,1.0,0.0
1926,2019-12-29,DL,IAH,ATL,48.0,38.0,1.0,0.0
1927,2019-12-29,DL,IAH,MSP,496.0,478.0,1.0,0.0
1928,2019-12-29,DL,IAH,ATL,28.0,24.0,1.0,0.0
1929,2019-12-29,DL,IAH,LGA,73.0,63.0,1.0,41.0
1930,2019-12-29,DL,IAH,JFK,163.0,156.0,1.0,0.0
1931,2019-12-30,DL,IAH,SLC,27.0,23.0,1.0,0.0
1932,2019-12-30,DL,IAH,JFK,0.0,22.0,1.0,0.0
1933,2020-01-01,DL,IAH,SLC,0.0,22.0,1.0,0.0
1934,2020-01-02,DL,IAH,SLC,22.0,21.0,1.0,0.0
1935,2020-01-03,DL,IAH,SLC,46.0,64.0,1.0,0.0
1936,2020-01-03,DL,IAH,ATL,0.0,35.0,1.0,0.0
1937,2020-01-03,DL,IAH,ATL,37.0,19.0,1.0,0.0
1938,2020-01-03,DL,IAH,ATL,32.0,22.0,1.0,0.0
1939,2020-01-04,DL,IAH,JFK,0.0,47.0,1.0,0.0
1940,2020-01-05,DL,IAH,JFK,184.0,152.0,1.0,0.0
1941,2020-01-06,DL,IAH,LGA,51.0,41.0,1.0,0.0
1942,2020-01-07,DL,IAH,LGA,27.0,43.0,1.0,0.0
1943,2020-01-07,DL,IAH,ATL,72.0,55.0,1.0,0.0
1944,2020-01-08,DL,IAH,LGA,69.0,75.0,1.0,0.0
1945,2020-01-08,DL,IAH,LGA,11.0,16.0,1.0,0.0
1946,2020-01-08,DL,IAH,LGA,86.0,84.0,1.0,0.0
1947,2020-01-08,DL,IAH,JFK,112.0,102.0,1.0,0.0
1948,2020-01-09,DL,IAH,LGA,44.0,36.0,1.0,0.0
1949,2020-01-09,DL,IAH,LGA,33.0,15.0,1.0,0.0
1950,2020-01-10,DL,IAH,JFK,11.0,20.0,1.0,0.0
1951,2020-01-10,DL,IAH,SLC,829.0,828.0,1.0,0.0
1952,2020-01-10,DL,IAH,JFK,131.0,122.0,1.0,0.0
1953,2020-01-10,DL,IAH,LGA,45.0,63.0,1.0,0.0
1954,2020-01-10,DL,IAH,LGA,98.0,87.0,1.0,0.0
1955,2020-01-10,DL,IAH,LGA,56.0,43.0,1.0,0.0
1956,2020-01-10,DL,IAH,LGA,126.0,118.0,1.0,0.0
1957,2020-01-11,DL,IAH,ATL,38.0,30.0,1.0,0.0
1958,2020-01-11,DL,IAH,ATL,0.0,68.0,1.0,0.0
1959,2020-01-11,DL,IAH,ATL,140.0,155.0,1.0,0.0
1960,2020-01-11,DL,IAH,ATL,37.0,91.0,1.0,0.0
1961,2020-01-11,DL,IAH,ATL,78.0,152.0,1.0,0.0
1962,2020-01-11,DL,IAH,JFK,26.0,19.0,1.0,0.0
1963,2020-01-12,DL,IAH,MSP,67.0,37.0,1.0,0.0
1964,2020-01-12,DL,IAH,ATL,27.0,19.0,1.0,0.0
1965,2020-01-13,DL,IAH,ATL,18.0,24.0,1.0,0.0
1966,2020-01-14,DL,IAH,LGA,99.0,87.0,1.0,0.0
1967,2020-01-14,DL,IAH,JFK,49.0,55.0,1.0,0.0
1968,2020-01-14,DL,IAH,SLC,62.0,67.0,1.0,0.0
1969,2020-01-14,DL,IAH,LGA,15.0,20.0,1.0,0.0
1970,2020-01-14,DL,IAH,ATL,33.0,20.0,1.0,0.0
1971,2020-01-16,DL,IAH,LGA,184.0,184.0,1.0,0.0
1972,2020-01-16,DL,IAH,LGA,110.0,111.0,1.0,0.0
1973,2020-01-16,DL,IAH,LGA,149.0,152.0,1.0,0.0
1974,2020-01-17,DL,IAH,MSP,181.0,165.0,1.0,0.0
1975,2020-01-17,DL,IAH,LGA,30.0,21.0,1.0,0.0
1976,2020-01-17,DL,IAH,LGA,1060.0,1034.0,1.0,0.0
1977,2020-01-17,DL,IAH,JFK,10.0,18.0,1.0,0.0
1978,2020-01-17,DL,IAH,LGA,37.0,35.0,1.0,0.0
1979,2020-01-18,DL,IAH,ATL,43.0,43.0,1.0,0.0
1980,2020-01-18,DL,IAH,LGA,125.0,109.0,1.0,0.0
1981,2020-01-18,DL,IAH,JFK,0.0,30.0,1.0,0.0
1982,2020-01-18,DL,IAH,JFK,47.0,41.0,1.0,0.0
1983,2020-01-19,DL,IAH,SLC,97.0,90.0,1.0,0.0
1984,2020-01-20,DL,IAH,ATL,61.0,38.0,1.0,0.0
1985,2020-01-22,DL,IAH,SLC,155.0,131.0,1.0,0.0
1986,2020-01-22,DL,IAH,MSP,79.0,53.0,1.0,0.0
1987,2020-01-23,DL,IAH,ATL,0.0,24.0,1.0,0.0
1988,2020-01-23,DL,IAH,SLC,142.0,141.0,1.0,0.0
1989,2020-01-23,DL,IAH,ATL,8.0,21.0,1.0,0.0
1990,2020-01-24,DL,IAH,SLC,69.0,48.0,1.0,0.0
1991,2020-01-24,DL,IAH,LGA,19.0,21.0,1.0,0.0
1992,2020-01-24,DL,IAH,ATL,16.0,40.0,1.0,0.0
1993,2020-01-25,DL,IAH,JFK,74.0,73.0,1.0,0.0
1994,2020-01-26,DL,IAH,LGA,365.0,344.0,1.0,0.0
1995,2020-01-27,DL,IAH,MSP,23.0,20.0,1.0,0.0
1996,2020-01-27,DL,IAH,SLC,938.0,907.0,1.0,0.0
1997,2020-01-28,DL,IAH,ATL,0.0,45.0,1.0,0.0
1998,2020-01-29,DL,IAH,SLC,383.0,347.0,1.0,0.0
1999,2020-01-29,DL,IAH,LGA,0.0,17.0,1.0,0.0
2000,2020-01-30,DL,IAH,SLC,65.0,36.0,1.0,0.0
2001,2020-01-31,DL,IAH,LGA,73.0,42.0,1.0,0.0
2002,2020-01-31,DL,IAH,SLC,0.0,15.0,1.0,0.0
2003,2020-02-01,DL,IAH,JFK,4.0,31.0,1.0,0.0
2004,2020-02-01,DL,IAH,MSP,46.0,52.0,1.0,0.0
2005,2020-02-03,DL,IAH,MSP,123.0,102.0,1.0,0.0
2006,2020-02-04,DL,IAH,JFK,896.0,908.0,1.0,0.0
2007,2020-02-05,DL,IAH,SLC,22.0,18.0,1.0,0.0
2008,2020-02-05,DL,IAH,ATL,60.0,62.0,1.0,0.0
2009,2020-02-05,DL,IAH,SLC,79.0,74.0,1.0,0.0
2010,2020-02-05,DL,IAH,JFK,40.0,34.0,1.0,0.0
2011,2020-02-05,DL,IAH,LGA,77.0,62.0,1.0,0.0
2012,2020-02-06,DL,IAH,ATL,74.0,57.0,1.0,0.0
2013,2020-02-06,DL,IAH,ATL,117.0,113.0,1.0,0.0
2014,2020-02-06,DL,IAH,ATL,70.0,67.0,1.0,0.0
2015,2020-02-06,DL,IAH,ATL,113.0,110.0,1.0,0.0
2016,2020-02-06,DL,IAH,JFK,22.0,20.0,1.0,0.0
2017,2020-02-06,DL,IAH,ATL,140.0,121.0,1.0,0.0
2018,2020-02-06,DL,IAH,LGA,58.0,41.0,1.0,0.0
2019,2020-02-06,DL,IAH,LGA,82.0,75.0,1.0,0.0
2020,2020-02-06,DL,IAH,ATL,78.0,67.0,1.0,0.0
2021,2020-02-06,DL,IAH,LGA,89.0,87.0,1.0,0.0
2022,2020-02-06,DL,IAH,ATL,10.0,41.0,1.0,0.0
2023,2020-02-06,DL,IAH,SLC,69.0,70.0,1.0,0.0
2024,2020-02-06,DL,IAH,MSP,34.0,27.0,1.0,0.0
2025,2020-02-06,DL,IAH,JFK,57.0,43.0,1.0,0.0
2026,2020-02-07,DL,IAH,LGA,51.0,36.0,1.0,0.0
2027,2020-02-07,DL,IAH,LGA,85.0,88.0,1.0,0.0
2028,2020-02-07,DL,IAH,LGA,80.0,82.0,1.0,0.0
2029,2020-02-07,DL,IAH,ATL,284.0,270.0,1.0,0.0
2030,2020-02-09,DL,IAH,SLC,51.0,50.0,1.0,0.0
2031,2020-02-10,DL,IAH,LGA,30.0,34.0,1.0,0.0
2032,2020-02-10,DL,IAH,SLC,148.0,139.0,1.0,0.0
2033,2020-02-10,DL,IAH,JFK,27.0,17.0,1.0,7.0
2034,2020-02-11,DL,IAH,JFK,69.0,52.0,1.0,0.0
2035,2020-02-11,DL,IAH,LGA,1.0,20.0,1.0,0.0
2036,2020-02-11,DL,IAH,ATL,28.0,23.0,1.0,0.0
2037,2020-02-11,DL,IAH,SLC,74.0,54.0,1.0,0.0
2038,2020-02-13,DL,IAH,LGA,96.0,79.0,1.0,0.0
2039,2020-02-13,DL,IAH,LGA,53.0,36.0,1.0,0.0
2040,2020-02-13,DL,IAH,LGA,55.0,32.0,1.0,0.0
2041,2020-02-13,DL,IAH,ATL,66.0,61.0,1.0,0.0
2042,2020-02-13,DL,IAH,ATL,5.0,40.0,1.0,0.0
2043,2020-02-13,DL,IAH,LGA,19.0,38.0,1.0,0.0
2044,2020-02-13,DL,IAH,ATL,100.0,108.0,1.0,0.0
2045,2020-02-13,DL,IAH,ATL,27.0,32.0,1.0,0.0
2046,2020-02-14,DL,IAH,LGA,38.0,24.0,1.0,0.0
2047,2020-02-14,DL,IAH,LGA,53.0,64.0,1.0,0.0
2048,2020-02-14,DL,IAH,JFK,11.0,18.0,1.0,0.0
2049,2020-02-15,DL,IAH,ATL,47.0,28.0,1.0,0.0
2050,2020-02-15,DL,IAH,JFK,408.0,391.0,1.0,0.0
2051,2020-02-16,DL,IAH,JFK,11.0,19.0,1.0,0.0
2052,2020-02-16,DL,IAH,SLC,295.0,285.0,1.0,0.0
2053,2020-02-17,DL,IAH,ATL,0.0,27.0,1.0,0.0
2054,2020-02-18,DL,IAH,LGA,39.0,47.0,1.0,0.0
2055,2020-02-18,DL,IAH,ATL,35.0,42.0,1.0,0.0
2056,2020-02-19,DL,IAH,SLC,47.0,36.0,1.0,0.0
2057,2020-02-20,DL,IAH,ATL,3.0,35.0,1.0,0.0
2058,2020-02-20,DL,IAH,SLC,115.0,115.0,1.0,0.0
2059,2020-02-20,DL,IAH,JFK,12.0,23.0,1.0,0.0
2060,2020-02-20,DL,IAH,LGA,0.0,16.0,1.0,0.0
2061,2020-02-20,DL,IAH,ATL,25.0,23.0,1.0,0.0
2062,2020-02-20,DL,IAH,ATL,27.0,32.0,1.0,0.0
2063,2020-02-20,DL,IAH,LGA,111.0,124.0,1.0,0.0
2064,2020-02-21,DL,IAH,SLC,0.0,15.0,1.0,0.0
2065,2020-02-21,DL,IAH,JFK,0.0,22.0,1.0,0.0
2066,2020-02-21,DL,IAH,MSP,38.0,35.0,1.0,0.0
2067,2020-02-23,DL,IAH,SLC,78.0,67.0,1.0,0.0
2068,2020-02-24,DL,IAH,ATL,42.0,45.0,1.0,0.0
2069,2020-02-24,DL,IAH,LGA,9.0,24.0,1.0,0.0
2070,2020-02-25,DL,IAH,ATL,38.0,53.0,1.0,0.0
2071,2020-02-26,DL,IAH,JFK,19.0,20.0,1.0,0.0
2072,2020-02-26,DL,IAH,ATL,93.0,73.0,1.0,0.0
2073,2020-02-26,DL,IAH,ATL,13.0,21.0,1.0,0.0
2074,2020-02-27,DL,IAH,LGA,81.0,68.0,1.0,0.0
2075,2020-02-27,DL,IAH,LGA,76.0,81.0,1.0,0.0
2076,2020-02-27,DL,IAH,LGA,90.0,81.0,1.0,0.0
2077,2020-02-27,DL,IAH,LGA,2.0,32.0,1.0,0.0
2078,2020-02-28,DL,IAH,MSP,5.0,19.0,1.0,0.0
2079,2020-02-29,DL,IAH,LGA,36.0,21.0,1.0,0.0
2080,2020-03-01,DL,IAH,ATL,56.0,43.0,1.0,0.0
2081,2020-03-02,DL,IAH,ATL,51.0,36.0,1.0,0.0
2082,2020-03-02,DL,IAH,JFK,0.0,22.0,1.0,0.0
2083,2020-03-02,DL,IAH,ATL,33.0,19.0,1.0,0.0
2084,2020-03-04,DL,IAH,ATL,169.0,141.0,1.0,0.0
2085,2020-03-04,DL,IAH,LGA,5.0,59.0,1.0,0.0
2086,2020-03-04,DL,IAH,LGA,32.0,23.0,1.0,0.0
2087,2020-03-04,DL,IAH,MSP,39.0,33.0,1.0,0.0
2088,2020-03-04,DL,IAH,SLC,86.0,104.0,1.0,0.0
2089,2020-03-04,DL,IAH,ATL,158.0,177.0,1.0,0.0
2090,2020-03-04,DL,IAH,ATL,182.0,189.0,1.0,0.0
2091,2020-03-04,DL,IAH,JFK,24.0,24.0,1.0,0.0
2092,2020-03-04,DL,IAH,ATL,22.0,21.0,1.0,0.0
2093,2020-03-04,DL,IAH,ATL,30.0,34.0,1.0,0.0
2094,2020-03-04,DL,IAH,JFK,84.0,114.0,1.0,0.0
2095,2020-03-05,DL,IAH,ATL,10.0,15.0,1.0,0.0
2096,2020-03-05,DL,IAH,JFK,25.0,25.0,1.0,0.0
2097,2020-03-05,DL,IAH,ATL,0.0,15.0,1.0,0.0
2098,2020-03-05,DL,IAH,ATL,74.0,66.0,1.0,0.0
2099,2020-03-06,DL,IAH,ATL,138.0,124.0,1.0,0.0
2100,2020-03-06,DL,IAH,MSP,66.0,70.0,1.0,0.0
2101,2020-03-06,DL,IAH,JFK,9.0,41.0,1.0,0.0
2102,2020-03-06,DL,IAH,LGA,22.0,30.0,1.0,0.0
2103,2020-03-07,DL,IAH,LGA,139.0,135.0,1.0,0.0
2104,2020-03-07,DL,IAH,ATL,69.0,65.0,1.0,0.0
2105,2020-03-07,DL,IAH,SLC,130.0,117.0,1.0,0.0
2106,2020-03-07,DL,IAH,ATL,241.0,235.0,1.0,0.0
2107,2020-03-08,DL,IAH,JFK,32.0,35.0,1.0,0.0
2108,2020-03-10,DL,IAH,ATL,77.0,54.0,1.0,0.0
2109,2020-03-11,DL,IAH,MSP,329.0,317.0,1.0,0.0
2110,2020-03-12,DL,IAH,LGA,69.0,49.0,1.0,0.0
2111,2020-03-12,DL,IAH,ATL,52.0,46.0,1.0,0.0
2112,2020-03-13,DL,IAH,MSP,11.0,16.0,1.0,0.0
2113,2020-03-13,DL,IAH,JFK,27.0,18.0,1.0,0.0
2114,2020-03-14,DL,IAH,SLC,54.0,58.0,1.0,0.0
2115,2020-03-14,DL,IAH,SLC,24.0,23.0,1.0,0.0
2116,2020-03-15,DL,IAH,ATL,71.0,57.0,1.0,0.0
2117,2020-03-15,DL,IAH,ATL,7.0,21.0,1.0,0.0
2118,2020-03-15,DL,IAH,JFK,0.0,16.0,1.0,0.0
2119,2020-03-16,DL,IAH,LGA,815.0,810.0,1.0,810.0
2120,2020-03-16,DL,IAH,SLC,76.0,88.0,1.0,0.0
2121,2020-03-16,DL,IAH,ATL,47.0,35.0,1.0,0.0
2122,2020-03-17,DL,IAH,ATL,57.0,47.0,1.0,0.0
2123,2020-03-18,DL,IAH,MSP,391.0,367.0,1.0,0.0
2124,2020-03-18,DL,IAH,SLC,542.0,571.0,1.0,0.0
2125,2020-03-19,DL,IAH,SLC,83.0,92.0,1.0,0.0
2126,2020-03-20,DL,IAH,ATL,0.0,41.0,1.0,0.0
2127,2020-03-20,DL,IAH,SLC,69.0,70.0,1.0,0.0
2128,2020-03-20,DL,IAH,MSP,69.0,51.0,1.0,0.0
2129,2020-03-20,DL,IAH,ATL,0.0,74.0,1.0,0.0
2130,2020-03-21,DL,IAH,ATL,31.0,15.0,1.0,0.0
2131,2020-03-21,DL,IAH,LGA,56.0,40.0,1.0,0.0
2132,2020-03-24,DL,IAH,SLC,0.0,15.0,1.0,0.0
2133,2020-03-24,DL,IAH,SLC,30.0,43.0,1.0,0.0
2134,2020-03-25,DL,IAH,SLC,85.0,69.0,1.0,0.0
2135,2020-03-25,DL,IAH,SLC,109.0,127.0,1.0,0.0
2136,2020-03-26,DL,IAH,ATL,138.0,121.0,1.0,0.0
2137,2020-03-29,DL,IAH,MSP,19.0,18.0,1.0,0.0
2138,2020-03-30,DL,IAH,SLC,22.0,35.0,1.0,0.0
2139,2020-03-30,DL,IAH,ATL,67.0,43.0,1.0,0.0
2140,2020-03-31,DL,IAH,ATL,185.0,158.0,1.0,0.0
2141,2020-04-01,DL,IAH,MSP,64.0,45.0,1.0,0.0
2142,2020-04-01,DL,IAH,ATL,49.0,27.0,1.0,0.0
2143,2020-04-02,DL,IAH,SLC,11.0,15.0,1.0,0.0
2144,2020-04-03,DL,IAH,SLC,353.0,362.0,1.0,0.0
2145,2020-04-04,DL,IAH,SLC,0.0,30.0,1.0,0.0
2146,2020-04-04,DL,IAH,SLC,72.0,84.0,1.0,0.0
2147,2020-04-09,DL,IAH,ATL,1.0,59.0,1.0,0.0
2148,2020-04-09,DL,IAH,SLC,0.0,27.0,1.0,0.0
2149,2020-04-12,DL,IAH,ATL,41.0,23.0,1.0,0.0
2150,2020-04-14,DL,IAH,SLC,6.0,32.0,1.0,0.0
2151,2020-04-19,DL,IAH,ATL,23.0,16.0,1.0,0.0
